1.3672096354528134,1.4322372738629512,0.25301436557795143,0.25301436557795143,0.25301436557795143,0.9298197101565747,0.04422813560569066,4221,0.09615346898740812,-0.20979929992178548
0.7044195571601627,1.4872695055127836,0.7807702089146391,0.7807702089146391,0.7807702089146391,1.0076950874622197,0.010265498892692593,2826,0.24732626338515312,-0.15736911542363818
0.8698947415528139,0.8024384679594156,0.07412485002707025,0.07412485002707025,0.07412485002707025,1.4797774590289152,0.244381916154077,7384,0.10173354764419154,0.17080936212661768
1.4497832662824615,1.3081949601994942,0.5689305450230998,0.5689305450230998,0.5689305450230998,0.6159001846648358,0.35054398478895066,3138,0.10308977649113615,0.009691655196178983
0.9606268622776569,0.8669008130952531,0.4872844405746217,0.4872844405746217,0.4872844405746217,1.1980595641991933,0.23693440049952277,5471,0.2068847645820912,0.3578948086560342
1.4763044815965674,0.6008147648906244,0.9919027381965533,0.9919027381965533,0.9919027381965533,1.4279375305630442,0.08401417555000155,6899,0.23550862752876356,-0.06171517872428989
0.7066803976081666,0.9201906832615168,0.9444710153052407,0.9444710153052407,0.9444710153052407,0.9792349491575616,0.14005032568075407,7345,0.1098583514090133,0.4562609908443581
0.8468797561889694,1.3434892617283922,0.7257200648705207,0.7257200648705207,0.7257200648705207,1.06871824563494,0.338973141945275,5707,0.19015078931418944,-0.029179858570733797
0.9482894806067351,0.8437427927361041,0.7161760845346402,0.7161760845346402,0.7161760845346402,0.7810449164192349,0.3044830966279298,3737,0.07665531087610039,-0.020928652383244484
0.8831042565415932,1.4890399930186684,0.7533326412139231,0.7533326412139231,0.7533326412139231,1.340725075012474,0.0758242249367422,3081,0.2403823728876776,0.4826808899324121
0.6425618682890815,0.7566531660224118,0.8392936021273288,0.8392936021273288,0.8392936021273288,1.4552185506899744,0.13163301016695944,4558,0.0765139385659953,0.40841778147944663
1.34376432977108,0.8418544893060922,0.6062532188543721,0.6062532188543721,0.6062532188543721,1.300042653822893,0.1459462049413324,6065,0.06322083356280866,-0.4529517961264218
1.1116626958283464,0.9952868216141361,0.32990445617095276,0.32990445617095276,0.32990445617095276,0.6304515922276758,0.16952256738755356,7177,0.11656974456338678,0.011339977163304704
0.7642924879272287,0.8088122108626168,0.9800954740408697,0.9800954740408697,0.9800954740408697,1.2435890455527616,0.024976459937973906,2609,0.053035423358694246,-0.06959818231626302
0.5449577651540564,0.7210803195078986,0.19271282530971245,0.19271282530971245,0.19271282530971245,1.110328709214924,0.06030463376111533,5998,0.17275822296131382,-0.37929471592197816
1.2747723796439443,0.6632760434188588,0.029480666166681324,0.029480666166681324,0.029480666166681324,1.3136244689871468,0.019099449065565557,7444,0.13995055626809438,0.4353150716511448
1.3022038718267717,1.4798883914309093,0.9915131889468828,0.9915131889468828,0.9915131889468828,1.461563171657028,0.16066375221104728,7045,0.0732812701231789,-0.028069470939758534
1.254335351057407,0.5395400354917113,0.26388862517674494,0.26388862517674494,0.26388862517674494,0.8491337948154337,0.2597299792063465,4209,0.10200167083611372,-0.45850041062858415
0.6736945396159912,0.5713941176037658,0.08591453930409054,0.08591453930409054,0.08591453930409054,0.7003941205802998,0.18592132584163137,5972,0.09973743868080698,-0.12308389786244522
0.8543527561594259,1.4672765207749805,0.5063563991102995,0.5063563991102995,0.5063563991102995,1.007541562367312,0.18839490565988865,5686,0.12079979743830871,-0.012614921321443817
0.6633629991323401,1.0843941214817692,0.3651379280490984,0.3651379280490984,0.3651379280490984,0.5264391567301528,0.0669099926154559,5202,0.15328901190793787,0.48996517184906274
1.0850667588297125,0.5289545613624597,0.5557104663425428,0.5557104663425428,0.5557104663425428,1.0209385309158807,0.2088400874137406,6066,0.08853001214348573,0.2540890393668077
0.9938825887027806,1.2632178534349645,0.04046582109411445,0.04046582109411445,0.04046582109411445,0.6617964534946716,0.2188140598086323,4654,0.08438119743895411,0.2877309595797871
1.10555609874238,0.5493904875908207,0.5261468202940859,0.5261468202940859,0.5261468202940859,0.6872802112837088,0.09126324455568478,5783,0.237523583913619,0.44535018527662806
1.45044503498208,0.9698554106357965,0.6342735772053391,0.6342735772053391,0.6342735772053391,0.7334089357256519,0.04609684068110065,6293,0.06703599162858981,-0.13728775515527347
0.5500817237656587,0.7776063251990911,0.9130230352657817,0.9130230352657817,0.9130230352657817,1.2713274004697945,0.0004128164701296289,5921,0.06948974179025376,0.22213422868065136
1.1829593312168063,0.5226429882219692,0.1167739366534124,0.1167739366534124,0.1167739366534124,0.6522400252715704,0.2806269116241904,3063,0.09463807534457987,-0.1873506980770152
1.133637255714775,0.7634983685699108,0.17193658068982032,0.17193658068982032,0.17193658068982032,1.4870789016048493,0.33397685636555385,7272,0.18589229805622265,-0.09321693038717804
0.9044282598524168,1.0840441843111208,0.7233621174391045,0.7233621174391045,0.7233621174391045,1.3210348890964312,0.3326711716587481,4769,0.16705114210380423,0.32882621579474625
0.704363116955068,1.4255113499688712,0.08170424622200467,0.08170424622200467,0.08170424622200467,1.3037511576675493,0.06497263918791733,2813,0.09327414716321147,-0.2995650054945159
1.2931705420461956,0.7301632478256934,0.38517295100123794,0.38517295100123794,0.38517295100123794,0.7690447932898694,0.08193998098589589,6531,0.21673039889018203,0.13246306764963267
0.8771192166594992,0.750869004100254,0.5446838482148987,0.5446838482148987,0.5446838482148987,0.5710055023621751,0.30912030675984975,5968,0.2178918096769092,-0.12978818512138046
0.6946829427522959,1.2564911206992768,0.32477772557477147,0.32477772557477147,0.32477772557477147,0.8212458454952622,0.011184613611715612,5136,0.053357037933592213,-0.020669176320048277
0.8323478155868778,0.5068457492898303,0.15783124936063264,0.15783124936063264,0.15783124936063264,0.8137045375562928,0.16775495710731525,2830,0.16109813078256624,0.16736005405429688
1.317655360848811,1.3982869008624381,0.9532281125140344,0.9532281125140344,0.9532281125140344,0.784431276905664,0.31327732485439447,7346,0.19515513258086148,-0.06590036656019327
0.756599311558977,1.269975858459439,0.5786859833684191,0.5786859833684191,0.5786859833684191,1.4168618657423697,0.02289458761095982,4698,0.18834636064996818,-0.0858777356320316
0.5852326667432941,1.2698607353955242,0.3479536471346759,0.3479536471346759,0.3479536471346759,0.9186175906681232,0.1613061836587479,3263,0.15772859757707605,-0.4561180158714935
1.4407279543984086,1.124699295784223,0.09531529628283553,0.09531529628283553,0.09531529628283553,1.2733144142132649,0.06279925499618182,3052,0.12033453743583629,-0.08802784122720508
1.088786953324365,1.2013174348811178,0.3408066185279859,0.3408066185279859,0.3408066185279859,1.1215101409869375,0.3229548857714025,3863,0.11604860836081712,0.4751864648637555
1.2570435826749682,1.1365422377124121,0.3952239253358317,0.3952239253358317,0.3952239253358317,1.4583829550572003,0.1374437685726206,6578,0.10217470707114698,0.13821417671433922
0.9702934591000634,0.5113177942221745,0.9143737517408594,0.9143737517408594,0.9143737517408594,1.0966213200075172,0.20743251941568563,6573,0.14298740149150696,0.4035201855654851
0.8817051146099302,1.304520564640728,0.047206563783198985,0.047206563783198985,0.047206563783198985,0.8854612852176459,0.13273869506441427,3628,0.07541609563646837,0.03459272169732197
0.7646990854413099,0.7793835597246063,0.8122205384490517,0.8122205384490517,0.8122205384490517,1.0199632483205265,0.305099795334013,5512,0.10310205767521662,-0.018260727366483542
1.2324463032712156,0.6802146745589147,0.1957222644878417,0.1957222644878417,0.1957222644878417,1.3388683265740147,0.04119260881218789,5673,0.18298865130760533,0.370576156247573
1.1384124502459068,1.2456962365953528,0.11650527795814436,0.11650527795814436,0.11650527795814436,0.976977241222363,0.17559935489442988,7173,0.19455078475255755,-0.03939413438027772
0.9651278105245084,0.5151834141292584,0.9085740639223543,0.9085740639223543,0.9085740639223543,0.9121320802021964,0.24467483907937157,3576,0.1527730406412185,-0.4538558740275256
0.9223534429622208,1.1177031166761067,0.08529453217199923,0.08529453217199923,0.08529453217199923,1.462267583579182,0.35458628577176765,5859,0.2179376409454084,0.24547787333927829
0.5685118501891916,1.2583676958141328,0.9182900814838597,0.9182900814838597,0.9182900814838597,0.9726411389922197,0.18602240557567323,3467,0.07236914663234005,0.4002292376817612
1.4391855823642887,0.6225339156263848,0.6885516525203034,0.6885516525203034,0.6885516525203034,0.6099787234207322,0.3833052613146824,2712,0.09624028872715272,0.4597169110958135
1.3240662735937945,1.2282012151005983,0.8340838467011495,0.8340838467011495,0.8340838467011495,0.5258908337397091,0.18619806332181998,6348,0.12484739854133738,0.38439022359442643
1.4982799310007855,0.690532231264014,0.869684587496839,0.869684587496839,0.869684587496839,1.341044673089607,0.03785604733119122,3148,0.11717052446325892,0.15415402060302041
1.0182091190146965,0.6543541504809964,0.25171647545791864,0.25171647545791864,0.25171647545791864,0.7119438601098574,0.2896476883277968,4540,0.09252961878120897,-0.038242871472399464
0.6755915656981585,0.9648319701840355,0.649001399611754,0.649001399611754,0.649001399611754,0.6591358305334697,0.3354172925265811,4119,0.17181101868670082,0.4417215481708896
1.0302549815897444,1.4046962142428523,0.5659642485097105,0.5659642485097105,0.5659642485097105,0.5496205307777458,0.03148162544670359,4587,0.08257686185023978,0.3480151716057689
0.8038217175073373,0.599054586506079,0.3246074499764888,0.3246074499764888,0.3246074499764888,0.8265040703841476,0.30384723054818974,4355,0.20244026598576959,0.3580029763623568
0.9758129450055555,1.210189516847543,0.557588812490546,0.557588812490546,0.557588812490546,0.5304624612207872,0.10417134010399104,2759,0.051017937798687865,-0.22320301178569435
0.6910312362843082,0.5699507368531646,0.255768178157337,0.255768178157337,0.255768178157337,0.8633926067763257,0.15395981847552975,2597,0.20328846567385406,-0.23415178091832733
0.9540625082041768,1.4535268671173873,0.1378072656206436,0.1378072656206436,0.1378072656206436,1.4592589378265353,0.3034660023593012,5059,0.10426814832756331,-0.16432272952022675
1.0744548657568949,0.9777335708126346,0.05526406000922468,0.05526406000922468,0.05526406000922468,0.889208383740941,0.17783654790624648,4028,0.08452639636301507,0.020066193900935003
1.345345325746909,0.8411802561287679,0.49657477269150974,0.49657477269150974,0.49657477269150974,1.2640946336083712,0.3461992180581187,5805,0.21105753017208706,-0.461408596032836
1.1243948638679409,0.6727452003597728,0.7612882523975989,0.7612882523975989,0.7612882523975989,1.0030372340129072,0.306039742942606,4071,0.0827949270577103,0.35642157615982506
0.7335137256358556,0.9785319674125991,0.4562547984480938,0.4562547984480938,0.4562547984480938,0.7698351053902991,0.35093150809540585,2836,0.16272497339035574,0.15962410460501553
0.9882726076580514,1.4182677703225657,0.2688421808878705,0.2688421808878705,0.2688421808878705,1.3436263720159456,0.3442320163223978,3453,0.06505979895944732,-0.1936750569479393
1.4642908930010796,0.8568480721128514,0.8497559379687672,0.8497559379687672,0.8497559379687672,0.8368131481992992,0.26612087099302434,2858,0.2404612866722664,-0.046239570493181725
1.241383015143127,0.8879170155949294,0.15944528306865768,0.15944528306865768,0.15944528306865768,0.7471040440901348,0.3797336295788919,7456,0.17559812599398006,0.07587339701342632
0.8518438932346694,0.8584924293197818,0.6016553521254,0.6016553521254,0.6016553521254,1.4747359878031046,0.01398213531484447,6246,0.23188195682150742,-0.3820760779765877
1.021627034724884,0.8293397946027508,0.4400923526649544,0.4400923526649544,0.4400923526649544,1.420599369962496,0.2891322516378911,6407,0.05964604196350409,-0.030216044639831963
0.7910067537150897,1.4098954609485328,0.5624978601662364,0.5624978601662364,0.5624978601662364,1.2074714629102266,0.3792158487216455,5803,0.08202379157128828,-0.21707226740239238
1.4085806516607637,1.2568870096628277,0.6680119998541513,0.6680119998541513,0.6680119998541513,0.6230427339642132,0.2854572068954947,3134,0.17540113237233163,-0.040303308778044444
1.3305572006999113,0.8528688023285353,0.6644361612222432,0.6644361612222432,0.6644361612222432,1.322173868464393,0.1743645744375213,3588,0.22786673402675844,-0.09510742323539734
0.7836530475675767,1.4730547180324063,0.7531993556542792,0.7531993556542792,0.7531993556542792,0.910873190226993,0.09006498351592188,2946,0.24674535737451786,0.22255984464660938
0.7481463691767811,0.8394725916201553,0.04918332299246042,0.04918332299246042,0.04918332299246042,1.3977284575615638,0.23487446360947933,4671,0.09852224615768741,-0.08515459724697061
0.7204536044332917,0.5069823395742366,0.19538989277282737,0.19538989277282737,0.19538989277282737,0.6381085437000917,8.012391191210001e-05,5556,0.2390293424116367,-0.3089674911012249
0.5086139692318984,1.3987865961869093,0.1597631006157758,0.1597631006157758,0.1597631006157758,1.1065946219598872,0.3456883624054849,2832,0.15251067276893096,-0.015054721233500268
0.5552414866365817,0.5062684725945642,0.018385228414682264,0.018385228414682264,0.018385228414682264,0.6736437854962039,0.21949655167757232,5817,0.10002326366104802,-0.35514882828210914
1.29699424755297,0.980179214260866,0.5495448439218252,0.5495448439218252,0.5495448439218252,0.6284746782798634,0.03299184031197346,6649,0.12206009414382626,0.4176600485038404
1.1155349411950253,0.8929076862912686,0.8059131520416267,0.8059131520416267,0.8059131520416267,1.4957516611456165,0.1019794538007898,2859,0.09885762126279812,-0.01874950089716365
1.1445406472466315,1.2229869489891838,0.17584015585067203,0.17584015585067203,0.17584015585067203,1.1985849583493113,0.1772642601655255,3178,0.05865577007810268,-0.033936105976082764
1.4064854410777705,0.5697840497035486,0.4160689102980065,0.4160689102980065,0.4160689102980065,1.4771694100037425,0.29153177250525236,3368,0.16033023380779782,0.1655701201409865
1.1929370855389316,0.9421851070907074,0.09393054952327085,0.09393054952327085,0.09393054952327085,0.500515772990362,0.27402253353534095,3104,0.17679651715589556,0.154368300485894
0.7917647033830256,1.025833949238172,0.6906272141279765,0.6906272141279765,0.6906272141279765,0.9700986071092559,0.37605671822534426,2796,0.09641707374112417,-0.4875319860884808
1.0219960202831178,0.5972164267012126,0.8880748604656422,0.8880748604656422,0.8880748604656422,0.7914033704208567,0.3232397801585415,6945,0.14792372947796223,-0.2910987818141997
0.8164342602415189,0.8717679411463439,0.682168203298796,0.682168203298796,0.682168203298796,0.6666991609009855,0.1753983326460396,4709,0.1978015015327544,-0.16492127348916286
1.2439406903114327,0.7904561630324743,0.7540861406450642,0.7540861406450642,0.7540861406450642,0.8184896906684068,0.09571478654503798,5980,0.18576074892983457,0.24764751321505662
0.7506502346366044,0.5817900314944997,0.39606042750952986,0.39606042750952986,0.39606042750952986,0.6549124807454559,0.08021582202147003,4775,0.11427371331217107,-0.10916489657693451
0.9761081464837175,0.9053117445724587,0.4415523954953584,0.4415523954953584,0.4415523954953584,0.5306887723461612,0.09465028517764691,6330,0.07588256965855769,0.13145879754904732
1.079217770186748,0.8399023545005807,0.09994612935225922,0.09994612935225922,0.09994612935225922,1.1766869665026438,0.19178904091240723,5415,0.09069359797975036,0.20655983408065481
1.3169035132534948,0.9734545211644672,0.6276120046541477,0.6276120046541477,0.6276120046541477,0.7323170968043761,0.09143980622812392,3330,0.10787092563950451,0.18022502872443347
1.0390275742296002,0.5382054307022335,0.9610796338384925,0.9610796338384925,0.9610796338384925,0.6447538541210901,0.15947760419708407,3965,0.24844617911406536,-0.004343242248806778
0.6808577112175704,0.7056643063934466,0.7067504023744683,0.7067504023744683,0.7067504023744683,1.0952658049071173,0.38882439609920233,4145,0.1921801101785196,-0.25631965568271675
0.8262107431233172,1.3094032499451576,0.8909983895654784,0.8909983895654784,0.8909983895654784,0.6889384317665378,0.026320964673116443,3016,0.056589876557080344,-0.22857360109029246
0.9154697277100411,0.5149412042150477,0.14911912661366,0.14911912661366,0.14911912661366,0.8726844065281638,0.2403845566406897,6789,0.15043153366307377,0.0400040883840298
0.8776559980845966,0.6758021603884593,0.6495771232052873,0.6495771232052873,0.6495771232052873,0.9050123056127323,0.31203102144519584,6280,0.1966816157901648,-0.45216545145511666
0.9958651739577803,1.4532767622885814,0.18959756568567665,0.18959756568567665,0.18959756568567665,0.7368115705527284,0.18188310362049287,3693,0.06513859918507728,0.48482760556308213
0.7984188072626488,0.7507019770099693,0.08280196517772631,0.08280196517772631,0.08280196517772631,0.7291751172190717,0.2524626706371708,5912,0.11128709672256334,-0.24614243138586145
1.1383310003642486,1.017188705704685,0.8904471359393297,0.8904471359393297,0.8904471359393297,1.0859263721210217,0.17924220755477474,5258,0.07119152649036378,-0.309855333707612
0.6663587506399216,0.9300668215895151,0.1814421215922878,0.1814421215922878,0.1814421215922878,1.0633161881301767,0.07390757752934789,7081,0.21316729748368296,0.24133921911716794
1.2227718509442773,1.3016780317312848,0.4497358870263849,0.4497358870263849,0.4497358870263849,0.5112837423401826,0.15735004301714764,6744,0.2394987725381576,-0.14686759743712074
0.618276718041869,0.5981040261305931,0.4914773907834312,0.4914773907834312,0.4914773907834312,0.7713564470934318,0.18208507798421,2981,0.20652771878437298,-0.2897636471415096
1.4956609765693498,1.1234970601438257,0.21954768663752244,0.21954768663752244,0.21954768663752244,0.5012856084696407,0.1176337585957346,6300,0.1093980090539565,-0.3322224676282105
1.4661389443454884,1.4610411764142612,0.6991716251222807,0.6991716251222807,0.6991716251222807,0.8852104810485496,0.11915695195378273,7203,0.23862461921912959,0.045225599865824195
1.0143283268051944,0.7218922674562419,0.27183109847526277,0.27183109847526277,0.27183109847526277,0.750528927505629,0.0440858176965091,3145,0.2335689350303008,0.26688180407727724
0.6418791138250654,0.5556205341252152,0.8229142645737944,0.8229142645737944,0.8229142645737944,1.379224063344378,0.12687462557224602,7415,0.14491443031888784,0.4880580575868644
1.451717951915193,0.809305522885381,0.12415857394175356,0.12415857394175356,0.12415857394175356,1.2786858865804658,0.30450523478323954,7274,0.22209988529276775,-0.223595418416224
1.4684034757449174,0.7444461489291118,0.3504814815132844,0.3504814815132844,0.3504814815132844,0.5262473900147956,0.08412045469105567,5857,0.1903143259261162,0.2834084605322126
1.106776527982615,0.5674305072939225,0.8948183448054775,0.8948183448054775,0.8948183448054775,1.3141394356239582,0.38568903074219785,6424,0.0563224502174686,0.06940432182493106
0.6490290679948747,0.9958130295425177,0.32487866624639483,0.32487866624639483,0.32487866624639483,1.2446869908001985,0.011526078596612033,5215,0.06636842397564627,-0.0344177853173292
1.1531037758801834,1.074397458567336,0.21220024326173648,0.21220024326173648,0.21220024326173648,1.3276101396021505,0.27290313754435813,2874,0.139642090630068,0.04973672901019033
0.6390781537689235,1.4525913316092516,0.33712869827795544,0.33712869827795544,0.33712869827795544,1.4782479092308622,0.013766904666269175,6855,0.22809176468180908,-0.4770984631182881
0.7587959348227835,0.5769334595222136,0.09424647624940374,0.09424647624940374,0.09424647624940374,0.8190708336604976,0.25435512552042944,2587,0.198518596351347,-0.43526071980960535
0.7948637263089948,0.9448901859947135,0.5285901403923684,0.5285901403923684,0.5285901403923684,1.2501138483748044,0.037016055090147625,6211,0.20482764692493433,-0.41389164436523507
0.5461216129130463,0.5137460678364724,0.41675575485946326,0.41675575485946326,0.41675575485946326,1.227090659960536,0.045686258629668734,5515,0.20891395941091073,-0.37834765881117105
1.0782800061514082,1.341955362489148,0.02178500327869115,0.02178500327869115,0.02178500327869115,0.548589015919003,0.37394212929113757,4938,0.08313476978825163,-0.4304158251637036
0.5292180468263901,0.6873633833498174,0.6498553197099285,0.6498553197099285,0.6498553197099285,0.627733234488144,0.3893276598981385,3707,0.11752860629471427,0.0403407216314382
1.2907522293723133,0.8942487097449273,0.7690068068644211,0.7690068068644211,0.7690068068644211,0.6705582250034228,0.1081971215230857,4702,0.08463543760930488,0.3206366244693154
0.7744257189033393,1.3546904270531077,0.6760367171548841,0.6760367171548841,0.6760367171548841,1.119297546348833,0.06771625516971129,3487,0.21433035437118259,-0.15370161151911188
0.9542449812285722,0.6298902760573012,0.4450814718165652,0.4450814718165652,0.4450814718165652,1.2744754603578996,0.17646733662484967,7467,0.12722747794460498,0.47236774756027355
1.0235838724050907,0.9853011365402362,0.3161430343598953,0.3161430343598953,0.3161430343598953,1.4050313101686533,0.2460571212950558,3165,0.12914391748735857,-0.40358546822449304
1.1244742101794605,0.8844219162954385,0.6492486376645871,0.6492486376645871,0.6492486376645871,0.937429832261695,0.1214636604938939,3387,0.15995829076928963,0.43488819663285827
0.590124990815845,1.1444716865051383,0.621539323570854,0.621539323570854,0.621539323570854,1.4803918290697098,0.2767831966036357,3289,0.07482723036363242,-0.12183857096359296
0.6744976762802279,0.9473113511453708,0.25296824793785544,0.25296824793785544,0.25296824793785544,1.0497834981360952,0.34438736284722,2728,0.19385323630072898,0.26222664027374976
1.295440364944676,1.2327500015598638,0.5368816105520373,0.5368816105520373,0.5368816105520373,1.3582845283067209,0.048287240530073564,3396,0.13171291567636978,-0.2916051808221507
0.6938429867839675,0.74882310689195,0.34208679474060144,0.34208679474060144,0.34208679474060144,0.7071935457133873,0.1966956792037145,5440,0.1658501987301746,0.457170042080398
1.0559144230993391,0.923947763235292,0.35102266494132617,0.35102266494132617,0.35102266494132617,1.353933227069826,0.3383279512332749,5816,0.17231248746684075,0.44533358302532544
0.7092006216443162,1.3240930252257683,0.41652463502867576,0.41652463502867576,0.41652463502867576,0.5839448268386707,0.3577396663374113,7121,0.14431579660989013,-0.2907423285638572
1.398192396702263,0.9179463185763563,0.6484603046994117,0.6484603046994117,0.6484603046994117,0.7764642249732896,0.35538958446293367,3107,0.23922122547411956,-0.24979961707951304
1.1909309841158402,1.481937749511388,0.06620162577984112,0.06620162577984112,0.06620162577984112,0.668876849119293,0.07938190772231168,7080,0.0689393082535573,-0.4350275232665778
1.0956204308672888,0.8538760578947999,0.047991793715833175,0.047991793715833175,0.047991793715833175,0.862082369833577,0.07180972318127905,4755,0.07929874398289927,0.23662419477217156
0.7201619435020644,1.2747510757872353,0.4978425055506762,0.4978425055506762,0.4978425055506762,1.2069579764241176,0.29129758573526654,6662,0.1699736861717476,-0.04902019281073733
0.9238046211092164,1.2029848549091948,0.0008572664621488979,0.0008572664621488979,0.0008572664621488979,1.0188237092990082,0.09763437226565551,4687,0.12259154202139406,-0.045488215807656385
1.3808127820527516,1.4031898686290312,0.22509261634524635,0.22509261634524635,0.22509261634524635,1.2330955711058817,0.11180502912197406,2773,0.106709548758427,-0.1647401330526327
0.6896238312289077,1.0020618903020195,0.7140293609643772,0.7140293609643772,0.7140293609643772,0.866589183145604,0.08165646500062006,5568,0.07592827757342885,0.04295985666458424
0.5503067995174463,1.2162047684270956,0.9065469184179379,0.9065469184179379,0.9065469184179379,0.5320881945727304,0.3718142540068865,6699,0.10182402488201725,0.3098422565708556
0.8209579935585811,1.2214148863320533,0.3852124375777869,0.3852124375777869,0.3852124375777869,1.1244646473243103,0.2632272755577283,7272,0.08718750312771045,-0.22489698331161467
0.7773631693432574,0.9333629816974703,0.5478156975644438,0.5478156975644438,0.5478156975644438,0.5018152236510396,0.30560022761627675,4918,0.06916615850309733,-0.23199859231133346
0.641660992714016,1.0975412508842761,0.11662745811220276,0.11662745811220276,0.11662745811220276,1.2683405579152869,0.06972639387483603,6509,0.07357807548253065,0.3430653112343147
1.075103862738281,1.2876080961003198,0.7242098552906244,0.7242098552906244,0.7242098552906244,0.7446075300254312,0.13872912997203843,2508,0.05503466869188689,0.15736935764324267
1.3752070584315126,0.9504016350003106,0.19899499608413984,0.19899499608413984,0.19899499608413984,1.4330715825522078,0.10672137605973649,6758,0.19193884972696473,-0.3685854313662916
1.002013043832474,0.8926863493610497,0.5469044312337785,0.5469044312337785,0.5469044312337785,1.29929332746992,0.36364930802048334,5309,0.05405146612888887,0.38744715974828725
1.1553157104661627,1.364910053063139,0.095128304610546,0.095128304610546,0.095128304610546,0.5618327416420549,0.3204732673140948,6496,0.2139031878173851,0.3874936981602414
0.7172188899944831,0.5450436944262881,0.5158701936709038,0.5158701936709038,0.5158701936709038,0.7333283564848719,0.09418437459962381,4758,0.05682084386551081,-0.41365235197095285
0.6395218193926772,1.3182381455672156,0.05148421806246184,0.05148421806246184,0.05148421806246184,1.3070430864056621,0.16384899898103653,6998,0.11313106594722185,-0.4497144265369407
1.0516662663180574,1.3547324773652423,0.6957866441432788,0.6957866441432788,0.6957866441432788,1.3666651135058543,0.29205917803365744,3865,0.14109487852449254,-0.3083443373829866
1.3775069685336372,0.8823642119324889,0.2759142521394634,0.2759142521394634,0.2759142521394634,1.2297635245115304,0.36100970029214974,3452,0.11815855632414106,0.39223491588076365
0.9039907430527017,0.9449327590988565,0.3779420075889367,0.3779420075889367,0.3779420075889367,1.2385227024234844,0.17259253927128013,3980,0.21803430073495017,0.4564675735641388
1.4995158874935566,1.03185208880427,0.8316683713575538,0.8316683713575538,0.8316683713575538,0.5332616149579612,0.20447475132071347,4770,0.21588992616098246,0.02473588260840842
0.509861108810438,1.4570148714939537,0.56624706065052,0.56624706065052,0.56624706065052,1.091783501153769,0.030189549040221666,3949,0.10930329596917038,-0.36218176613963127
0.9104915827409402,1.0218837818641513,0.8766579620034346,0.8766579620034346,0.8766579620034346,1.4110599311656964,0.061595483036883406,4066,0.06647756147189128,-0.43393180320365266
0.6295872097030537,0.7458269456522412,0.08151430980902352,0.08151430980902352,0.08151430980902352,1.0084996089941844,0.1216335435584453,4663,0.12432593218557758,0.00687106921549252
0.8897194124829667,0.5771366772760617,0.7423887023014459,0.7423887023014459,0.7423887023014459,1.1381155559263414,0.057336570731529424,7004,0.22287149571879,0.18688444656758885
1.2709400332807483,0.8427495426362668,0.7155376920702998,0.7155376920702998,0.7155376920702998,0.5280934179613496,0.36796487626145125,6304,0.06870608847426062,-0.49084883723705086
1.053407417925765,0.864809193111634,0.18398364187148109,0.18398364187148109,0.18398364187148109,0.5476674783397971,0.08291037482177979,4507,0.13264383295348664,-0.47429127161545737
0.9259298173860584,1.261058317697643,0.4849498475164876,0.4849498475164876,0.4849498475164876,1.251553327732736,0.3096109693409103,3743,0.23435949580137277,-0.35172188464729914
0.6098751107260599,1.3669651494879225,0.6038533888175476,0.6038533888175476,0.6038533888175476,0.533664754243171,0.14316014927285883,3119,0.09214598581042453,0.2704718574472882
1.0013058457234276,1.2187733013693496,0.015485521238780664,0.015485521238780664,0.015485521238780664,1.321941829194196,0.16291975263815073,2987,0.2049710713640362,-0.4870596555622184
0.7860084373385854,1.1631449119393706,0.1491744321587407,0.1491744321587407,0.1491744321587407,1.156180905846881,0.39284239675869426,4627,0.2346717211846822,-0.4127908376574575
0.8005474108162818,0.5009170900167401,0.38130002408531405,0.38130002408531405,0.38130002408531405,0.8333076395640817,0.146481060914005,2977,0.10974036321730284,-0.45678306589630335
1.0191526492603156,0.630430954063591,0.4284520281152816,0.4284520281152816,0.4284520281152816,0.9996543782260897,0.3823531001250531,2792,0.23403642350908221,-0.3872227747606004
1.4906402595776211,1.1077653709803104,0.9920747729719049,0.9920747729719049,0.9920747729719049,0.5825816381825527,0.16414957612747047,2996,0.23111841993735543,0.29226923631081936
0.8779470540764854,0.8978486967338288,0.531837268220062,0.531837268220062,0.531837268220062,0.7672349827313987,0.3347012876303374,5079,0.14038276717714215,0.3258761456428426
1.3897865717597622,0.6525002270579061,0.3171490697237185,0.3171490697237185,0.3171490697237185,1.087914754178545,0.31099079858720036,2808,0.17865433864031988,-0.48559460120486564
1.3568642043406234,1.4908631036149558,0.24311134851541127,0.24311134851541127,0.24311134851541127,1.353070839861695,0.24213923125439815,3979,0.08158713266644402,0.36111542630565896
0.6893657963375011,0.5077718668151564,0.7247238485292584,0.7247238485292584,0.7247238485292584,0.5499293869237406,0.39202273712468144,4977,0.058573399648721464,0.31096769777428446
0.6308353291920649,0.7178594780708961,0.8634162046823972,0.8634162046823972,0.8634162046823972,0.7059517974030337,0.060047610242496365,5622,0.16208851574855077,-0.09851765802298595
0.8515719442668056,1.1720192759023096,0.7304367737925683,0.7304367737925683,0.7304367737925683,1.2851016200247283,0.0603427171759547,5120,0.1350000337867649,-0.06216414123239766
0.5846554590446205,0.8931359595750709,0.8679480848480408,0.8679480848480408,0.8679480848480408,0.7236893923782952,0.11700072287858845,4391,0.10575939452282763,0.08907307177812973
0.9742086093619432,0.6114604695415681,0.36824892699352063,0.36824892699352063,0.36824892699352063,1.0597741083350258,0.2114087878224702,2534,0.16470224215969553,0.31120984194121426
0.5086480540744491,1.2053807726567332,0.6029610940569687,0.6029610940569687,0.6029610940569687,1.3483871764923419,0.014899348513966749,2791,0.1952403701872893,0.3345941966673086
1.3321768982629894,1.2475702176663481,0.09144128592259437,0.09144128592259437,0.09144128592259437,0.5116415428834167,0.36840095541663515,3202,0.05411212332774676,-0.03933033744150938
1.4899249723312882,0.9563579929633061,0.8840995410663394,0.8840995410663394,0.8840995410663394,1.229536139819981,0.22987299372552267,6282,0.12323283759443822,-0.0038444829112642687
0.5854007487131571,1.367836251250038,0.6277587879746495,0.6277587879746495,0.6277587879746495,1.457189004795865,0.3897375702631679,6784,0.16338324188014364,-0.20030465610106984
1.4907598813693421,0.5080179891412908,0.522686471637325,0.522686471637325,0.522686471637325,1.3313553829949958,0.06014735854381086,5228,0.2180280496780334,0.3747651058526509
0.8066837762366849,0.7084050959787181,0.17640551810840166,0.17640551810840166,0.17640551810840166,0.7532721662535246,0.3788554088428588,7295,0.19303483552957973,-0.28105982145628106
1.3764309533207975,1.1295263974961478,0.8071939040244092,0.8071939040244092,0.8071939040244092,1.2184848016936012,0.391418891052969,3213,0.08319252434888283,0.265631026913804
0.7357434111324489,1.2307432070582291,0.3192891143847322,0.3192891143847322,0.3192891143847322,1.155046933472718,0.24873549152115695,6953,0.08801391782729254,0.09848149459810163
0.9058139252701006,1.169790197894621,0.1873332353837126,0.1873332353837126,0.1873332353837126,0.888526081582821,0.10464379458216092,6991,0.21932561792188382,-0.316650238543982
0.5824667670738835,1.1271010583367391,0.3252283658961652,0.3252283658961652,0.3252283658961652,0.9422281030140799,0.2557895620963561,3834,0.131467139456829,0.32210026093875443
0.6181960452925257,0.5014808582338536,0.027967700841836973,0.027967700841836973,0.027967700841836973,1.2558677504931062,0.3951945232079764,2868,0.15489433163354974,-0.11075009068684616
0.8858442424810008,1.4911497129039215,0.23506556071541684,0.23506556071541684,0.23506556071541684,0.8275759124119544,0.284435998480185,2686,0.16821352369837483,-0.27502893289707386
1.397371216188132,0.6458774770306699,0.869315775047226,0.869315775047226,0.869315775047226,1.216645919634853,0.1362171519845369,7235,0.12067378888921557,-0.042365958479376964
0.9030112425881154,0.6826635566708867,0.9643908953578445,0.9643908953578445,0.9643908953578445,0.5829412219514213,0.23825132622211442,4827,0.17483539325442846,-0.3091660796339073
0.864414307827387,1.3418276447818442,0.6512110682434906,0.6512110682434906,0.6512110682434906,0.8376735015411411,0.09227161737189707,4217,0.2318096567191512,-0.11545894347930863
0.7762213712720267,1.0386447361935018,0.04062079598362778,0.04062079598362778,0.04062079598362778,0.9973471086384424,0.33599256059644,3179,0.09761024328203782,0.0602845866693853
0.664407963232231,0.5462178110909611,0.3328594880686715,0.3328594880686715,0.3328594880686715,0.8245774056954746,0.13856846750630206,6034,0.19091307393550527,-0.33938426217811535
1.1347687651956477,1.3014142199862282,0.24345268035076206,0.24345268035076206,0.24345268035076206,0.5427346282092951,0.3645320134138623,6000,0.14403579694367724,0.42986497960942194
1.108712009769501,1.162242833813914,0.6575343843062469,0.6575343843062469,0.6575343843062469,1.0372495723571085,0.08594581615364483,4419,0.1343970676487011,0.1591269334037454
0.6573451882154466,1.0119332460514192,0.7585799180610816,0.7585799180610816,0.7585799180610816,0.5437737592724208,0.2745767660037215,7051,0.21380634277627641,-0.2858540605642511
1.3905003126079754,1.4967128541969945,0.3956928496253759,0.3956928496253759,0.3956928496253759,1.099322787380522,0.24266525210622733,4389,0.10808698678279603,0.13320494270578076
0.6722056999866239,1.2212286059764095,0.5099807157903379,0.5099807157903379,0.5099807157903379,1.2711473822910508,0.39805482554816396,3289,0.0918217248599565,-0.37900620619547465
1.185614090007014,1.266854475144272,0.5046124381127426,0.5046124381127426,0.5046124381127426,0.885285111319404,0.16258827597773748,5180,0.1820365261990735,0.40502658879594533
0.8771368461077897,0.638009022284522,0.9794786735177775,0.9794786735177775,0.9794786735177775,0.6850152126000686,0.3781492288068353,5032,0.05379166265022877,-0.42260726493892775
1.057806023918244,0.6676022411616684,0.6927071009274745,0.6927071009274745,0.6927071009274745,0.6547889580587579,0.028280050312798146,5815,0.23816091906191517,0.15861002702544758
1.0734165788714618,1.183373640524304,0.016401601613988293,0.016401601613988293,0.016401601613988293,0.8507477557405673,0.370114666069927,6251,0.059329543800396345,-0.4176921191374534
0.9081393904207853,0.8779364919739809,0.5902730216347363,0.5902730216347363,0.5902730216347363,0.9204790099817648,0.2272841324335429,4613,0.20648911311938867,-0.30645511137071835
1.1920725028287287,1.4291176359745927,0.17663630395647578,0.17663630395647578,0.17663630395647578,0.9614749835086256,0.2566604607900963,2593,0.18296831236241035,0.049214710583322385
1.1025411446337672,0.8415660906620319,0.6465709860886291,0.6465709860886291,0.6465709860886291,1.46765243538732,0.030321247111139774,4418,0.1879580078413438,-0.08392113748896146
1.1840681509241278,0.9001337840857467,0.0028270342440672724,0.0028270342440672724,0.0028270342440672724,1.230291787640293,0.14172352152782386,6570,0.16642498113607035,0.207944825923012
0.5889645178553269,1.303136415772277,0.7188096115096556,0.7188096115096556,0.7188096115096556,0.7368137034708647,0.34354053360199777,2922,0.23056784783807022,0.11363405694108997
1.1265645787735161,0.6610040634986702,0.8649638127369093,0.8649638127369093,0.8649638127369093,1.4455893756658584,0.05128467155961585,7389,0.24975927333891318,-0.19166518768402296
0.5441014305013447,0.8346642535024034,0.13777873455999334,0.13777873455999334,0.13777873455999334,1.4032162146587042,0.21311912655200796,4248,0.1328698635883732,-0.31409541992832113
1.0853496812034886,1.1563556284301644,0.14246765901091174,0.14246765901091174,0.14246765901091174,0.8801227478827244,0.2551815446133439,2819,0.10049556910424368,-0.09868957226919461
0.8285194882168039,0.6031487839903906,0.3143757750016105,0.3143757750016105,0.3143757750016105,1.1237701399761333,0.054661894174458193,5491,0.1240254562930821,-0.46440960061457015
0.5196099156258613,1.0606523600867586,0.8756785870228748,0.8756785870228748,0.8756785870228748,1.479100616055438,0.10891167936630156,2557,0.08251922877227442,-0.36683550277311316
1.0304503222091972,0.6734117498709671,0.3031945789767845,0.3031945789767845,0.3031945789767845,1.121746916102868,0.17756946514381228,6553,0.13411558279941926,-0.2783970550410413
1.2362948537613572,0.8779373566317724,0.5573126076080613,0.5573126076080613,0.5573126076080613,1.1678744591339347,0.3857122971031079,6437,0.13422190210548604,-0.30032541863719364
0.6976535991744722,0.5165022947848349,0.8986926526686876,0.8986926526686876,0.8986926526686876,1.3691365683422463,0.27382995362000856,5355,0.12016442633784413,-0.34086233010398514
1.3142861628535343,0.5556987750833893,0.20009212012512445,0.20009212012512445,0.20009212012512445,0.7132258100918755,0.05081140171979137,7001,0.18348760201305564,0.039668157236496415
1.0447638435271451,0.7243507450211812,0.03555390000384617,0.03555390000384617,0.03555390000384617,0.6387768401887559,0.3979695845348747,7248,0.22352040599108175,-0.0853312672904204
0.9105899672645429,0.6527609303450688,0.31056676089584423,0.31056676089584423,0.31056676089584423,0.9227851616388968,0.05328482402399559,2611,0.24089803278113986,0.3894653493722674
1.06458162217453,0.7032672293650779,0.26703724495958825,0.26703724495958825,0.26703724495958825,0.600001277482979,0.2946778488417328,5932,0.18430149707825805,0.14681377188132427
0.5488312418695859,1.2466727592899938,0.603043400787045,0.603043400787045,0.603043400787045,1.448964327073772,0.26704058692626287,4609,0.21583066175427362,-0.08941745639612297
1.1351751087148536,0.7470991362249322,0.22673853199603433,0.22673853199603433,0.22673853199603433,1.1941539603736213,0.333145115335612,7348,0.20445603060066558,0.4239305123988879
1.3670263418310364,0.708330420000252,0.21344735866859388,0.21344735866859388,0.21344735866859388,0.9571369850335241,0.3722442255896114,6592,0.23890958085844255,0.10136085089887059
1.0947375356076723,0.5623166619186172,0.9338266868778843,0.9338266868778843,0.9338266868778843,0.8181165428514415,0.14339307468636361,4807,0.1686474822087816,-0.22830862297594745
0.999279223022409,1.4421298627863361,0.5737108424265773,0.5737108424265773,0.5737108424265773,1.038790043745589,0.2810942662377118,3316,0.216755416152143,0.12768695673678088
0.9053314313332329,0.9171551099786015,0.4585670719696715,0.4585670719696715,0.4585670719696715,0.883762337828794,0.28894124286080564,6901,0.24252692726048758,-0.29593988601468335
0.6075994275393144,0.9556130497018176,0.48013347934665096,0.48013347934665096,0.48013347934665096,1.1922996889705044,0.006229293222433175,4395,0.21440888018744508,-0.07689873749856402
0.6071310713403526,0.9759656890302987,0.8330690930852032,0.8330690930852032,0.8330690930852032,0.9771053197052305,0.16372034946750944,6843,0.23401874145170548,0.14181341922296697
1.2511549080125866,1.0151137829950456,0.9254817084227669,0.9254817084227669,0.9254817084227669,1.2528021755900807,0.002798198580751166,3555,0.05798975115612464,0.21706821006142474
0.753968527640115,0.6912721246283348,0.6694700479464677,0.6694700479464677,0.6694700479464677,1.3739729963944272,0.25430801322616614,4713,0.22708490641234041,0.13956468607745076
0.5577108056632433,1.0064366648593248,0.22216710825845054,0.22216710825845054,0.22216710825845054,0.8712995692658404,0.18594250946749177,3526,0.18463027472570598,-0.2604981907692271
0.7216095905667693,0.6485520392535379,0.38290131907764446,0.38290131907764446,0.38290131907764446,0.8506543879468006,0.39967813354446485,7013,0.2048297706472309,0.20568981447068835
0.8845562916267243,0.9575616554206443,0.5926001832806095,0.5926001832806095,0.5926001832806095,0.6902573870658988,0.2809213816936833,7188,0.2092844002342072,0.14045146555300914
1.195957558875266,0.5427701550915613,0.3729681929819566,0.3729681929819566,0.3729681929819566,1.2728494543171185,0.023428154148216286,2573,0.08340528324077363,-0.28443449727167114
1.0579211331117215,1.320151750223224,0.2698512285541641,0.2698512285541641,0.2698512285541641,1.0092865449183799,0.05808865472003513,3819,0.21481930863878052,0.2074846625064809
1.2282798781461768,0.6631157094504476,0.7414668486348994,0.7414668486348994,0.7414668486348994,0.5091371061459248,0.15086638326047008,4790,0.16595181529300645,0.2921944996579404
0.5914591310991556,1.2585293450783894,0.32530499144456204,0.32530499144456204,0.32530499144456204,1.420731903137878,0.016305273150543486,2555,0.19641485074845916,0.16977120517977784
1.320460629989522,0.6802506174386442,0.9035236332912711,0.9035236332912711,0.9035236332912711,0.872888704908605,0.2430109832145526,4237,0.1425085293140539,0.45013751922162415
1.2167127969685185,1.3938777570288554,0.8795438341764907,0.8795438341764907,0.8795438341764907,0.5419851974858433,0.1262947829347299,4641,0.24382599232177565,0.3501874326819471
0.8406067518020645,0.6812261925283412,0.6232492226284317,0.6232492226284317,0.6232492226284317,0.7702266383342612,0.3204639048404634,5262,0.16850745002543335,0.333194907745072
0.7861834027438408,1.3704750458661885,0.6982944409171387,0.6982944409171387,0.6982944409171387,1.429594043092615,0.15436591382787868,3367,0.21150871499269608,-0.27825655075839173
1.388805736289703,0.8854276017379508,0.8678931040047461,0.8678931040047461,0.8678931040047461,0.5526381816019209,0.24384684728376668,3916,0.12179657769484208,-0.4207672975193727
1.2593130514282915,0.7945873852529143,0.0005275833921581929,0.0005275833921581929,0.0005275833921581929,1.2654859547365018,0.06345267382833324,6888,0.2459649210943196,-0.48933336214001233
0.6045384532285959,0.7309498650523628,0.6799411913100929,0.6799411913100929,0.6799411913100929,1.0536936126809247,0.18697560355382745,4631,0.20100917936459828,-0.3158020567613913
1.168559701939976,0.9449974758007329,0.34282051923705825,0.34282051923705825,0.34282051923705825,1.0388160178085482,0.250687179519634,5476,0.07994912674959656,0.07667614642311382
1.0717840455886014,0.6917274812614506,0.7329083348745098,0.7329083348745098,0.7329083348745098,0.5561586569330805,0.3248147993278222,6010,0.23090810645498316,0.2892561866180925
1.0707303248530111,1.4476400850839712,0.9874127361085062,0.9874127361085062,0.9874127361085062,0.6956891959951724,0.3709747271024453,2508,0.09036325323613413,0.4516614780924647
1.0402296854051425,0.6216393181662242,0.4161991255038653,0.4161991255038653,0.4161991255038653,0.7076687151302852,0.19033239850522843,2687,0.10606087749431775,-0.2842637880444798
0.9298779835887141,0.5358227042714948,0.5698002470784389,0.5698002470784389,0.5698002470784389,1.327895024672741,0.2536951272799119,4625,0.15698415807682614,-0.4723577607502525
0.8418347317034447,0.9524340937743371,0.7174222702405227,0.7174222702405227,0.7174222702405227,1.1542398447136266,0.022160294851027152,4032,0.0509535291416561,0.11997208378358515
1.4885684397075694,1.2225115485535278,0.7344702140631214,0.7344702140631214,0.7344702140631214,0.7344561672939471,0.2138073661307295,5974,0.17737425799073425,0.1464419132906547
1.307146366338914,1.3445320711732003,0.08574572913428513,0.08574572913428513,0.08574572913428513,0.8140238676707973,0.38301304493495775,6270,0.17627429317304466,0.41416343966432057
0.6240327456148516,1.0151843087309316,0.011814253201236191,0.011814253201236191,0.011814253201236191,1.1547371621133147,0.35142019824155035,4555,0.12522458676261033,0.07928653657153784
0.7003238709950607,1.1592573752640427,0.8867942906879397,0.8867942906879397,0.8867942906879397,0.7216495143828132,0.24821860713846391,2546,0.07247963596611487,0.4817939578725031
0.591613540620561,1.0985238677723754,0.41071017404584653,0.41071017404584653,0.41071017404584653,0.7729071620752801,0.17279765767789287,3305,0.1779986804859625,-0.09789431550159855
1.2384885883019008,1.1836128085084585,0.8854110205476674,0.8854110205476674,0.8854110205476674,1.4214901832572642,0.1960467247423741,5271,0.16098105052292994,0.14738355781090717
1.1054844033144475,1.2905449449444952,0.4354657919733447,0.4354657919733447,0.4354657919733447,1.1040894996940238,0.12025563910675269,3297,0.11219426643675164,0.3836849159747566
1.3477507747905255,1.0947370834627905,0.17521847509029853,0.17521847509029853,0.17521847509029853,1.456755052702556,0.2274705064849293,6411,0.17004544991337228,-0.056418295137172
0.5416253712721064,0.5213578068440694,0.6378876708870562,0.6378876708870562,0.6378876708870562,1.0531221197958744,0.3428797948835647,6362,0.07337660060936835,0.1312288792138293
0.7288444053111462,1.2972545383669702,0.001755172418485551,0.001755172418485551,0.001755172418485551,0.7758637685591222,0.2964389368510225,3928,0.21825327028404595,-0.19761482630166738
0.9946141664500769,1.4007511544503803,0.600457371721009,0.600457371721009,0.600457371721009,1.4419978779323346,0.21318186792932867,6084,0.18473388043484767,0.12412692015844973
0.7973778650856617,1.2060020803876612,0.9615111996677793,0.9615111996677793,0.9615111996677793,1.4559214751181693,0.2847561688857192,5293,0.13293462228879227,0.045455050663179675
1.0183216390462237,0.6104100661214747,0.04845055735132697,0.04845055735132697,0.04845055735132697,1.3316473856727704,0.20217946002015583,2813,0.06527311760053219,-0.24719649295670787
1.3466572473427278,1.2687478789183453,0.17215755176830538,0.17215755176830538,0.17215755176830538,1.3577415530656785,0.2558679614807799,4816,0.19773855153231307,0.05751662196381735
0.7434484254706992,0.6781376271137727,0.8547437014395705,0.8547437014395705,0.8547437014395705,1.465103195579795,0.2898040326892974,4018,0.20365707396273702,0.30912868225733126
1.487522154451414,1.4102295314065187,0.5714380306970267,0.5714380306970267,0.5714380306970267,1.297463750831144,0.398099191508416,6821,0.24032582157517451,-0.014236985543410574
0.8842152714227369,0.5561783238073573,0.446201598603883,0.446201598603883,0.446201598603883,1.3263976173867795,0.07863157332522569,5130,0.1482710634383415,0.48473873854159244
1.384309162061364,1.187689380555093,0.21832031307270716,0.21832031307270716,0.21832031307270716,1.1420379636564437,0.3647746403454284,4998,0.16077428612301176,-0.1933200924202959
0.9835625871062385,1.4546748443557758,0.22942019055455076,0.22942019055455076,0.22942019055455076,1.0750463976755928,0.26047436257480794,2743,0.17305886716132562,0.296832908741849
0.9569954154817248,0.7079649351568438,0.2514462563025761,0.2514462563025761,0.2514462563025761,0.9377944137348433,0.08343430355181956,2982,0.08923477007219877,-0.3757896893084126
1.0488464966413082,0.5004100086596219,0.1230622281892737,0.1230622281892737,0.1230622281892737,1.1052641264045375,0.021866679423954285,4954,0.2444376939299665,0.23362864503570735
1.4829113890645096,1.0167999959040062,0.47227804068533896,0.47227804068533896,0.47227804068533896,1.3176612792571136,0.30209477711354504,4213,0.14021666308026115,0.30534980833493475
0.6471031407602446,1.0372658118559923,0.7960822046037871,0.7960822046037871,0.7960822046037871,1.2338299479102757,0.13162619727713087,2673,0.051802408064707886,-0.4643318357170474
1.0265323417234034,1.2376866649858136,0.5010427791822057,0.5010427791822057,0.5010427791822057,0.6892564235241508,0.1616039114422673,6896,0.20829679801101408,-0.34697069670442904
1.298942305560701,1.1579623775402834,0.292570199312689,0.292570199312689,0.292570199312689,1.2244991949118411,0.13761272440718186,4365,0.09143368593811095,0.32275826723908563
1.3914173679865356,0.9219851465297291,0.6412737802911858,0.6412737802911858,0.6412737802911858,0.5498318393175441,0.07179407575175678,5241,0.24456258703045652,0.16756629897653064
0.964335320294635,0.5914362269446797,0.9216079686128416,0.9216079686128416,0.9216079686128416,0.8548963117771593,0.23245005639399996,2792,0.128105539455619,-0.11565609390202936
1.3878780995087612,0.9380940524854003,0.7545198275451748,0.7545198275451748,0.7545198275451748,0.6090468519883947,0.04571966807436465,7461,0.06342042465144085,0.026008626123270595
1.3527615557977322,1.330800395743319,0.5091119711157771,0.5091119711157771,0.5091119711157771,1.1487652901617262,0.15298558022538988,7276,0.0731477534051283,0.06999068172865963
0.8284957459488324,1.4623908336924352,0.40481217172083417,0.40481217172083417,0.40481217172083417,0.9151206349527881,0.08491471126483946,6267,0.06374031516250403,0.2220320869008493
0.9266818388185506,1.4645254461711008,0.011536663555811066,0.011536663555811066,0.011536663555811066,0.8916800637920026,0.17523713485073464,6759,0.20408651497816543,-0.07793430497757847
1.298950944652455,0.9905131799116722,0.09010475739996904,0.09010475739996904,0.09010475739996904,0.8429450198890313,0.11343231653644269,5061,0.17897616307324254,0.39489424583050603
1.3279707130848346,1.1863518573320824,0.5456246374912963,0.5456246374912963,0.5456246374912963,0.5059611435602345,0.18635105769276353,6639,0.14524373071786745,-0.004543574694901409
0.8551417041358786,0.7928062084470298,0.5541775868280218,0.5541775868280218,0.5541775868280218,1.1366907693814876,0.2123661738485204,4222,0.17362321101884498,0.28073861182716164
1.3000949724813493,1.1213168952393064,0.424801753832871,0.424801753832871,0.424801753832871,0.9632013632071561,0.08828963324880933,6675,0.09970662036380507,-0.14370871488226356
1.3231698733293968,1.1695030212397333,0.40954865314916,0.40954865314916,0.40954865314916,1.4253235691635564,0.05854239302170177,2579,0.0886836201218675,-0.43015593566415466
1.1582022698108139,0.9952904643425435,0.2828948716943206,0.2828948716943206,0.2828948716943206,0.8223487550695215,0.24215760737779177,2862,0.2266851222727036,-0.21495642602934573
1.2564718170485731,1.299638983075546,0.6281737441129497,0.6281737441129497,0.6281737441129497,1.0393862734095025,0.2667866732937986,6169,0.18258109002136746,-0.08906732047826826
0.6764665845608475,1.3886877412665757,0.7390752515196718,0.7390752515196718,0.7390752515196718,0.8876676461783206,0.2736464053189793,5246,0.22878574434495702,0.37376884179489356
1.0693843822795985,1.4885404330186691,0.3112523054483435,0.3112523054483435,0.3112523054483435,1.3602211686509615,0.07324791171687264,5595,0.24312466655223403,0.11721342288607017
0.5878082290154052,0.976917835268558,0.002621829870390391,0.002621829870390391,0.002621829870390391,0.6183247356894723,0.028092232089599902,2741,0.1886234107525972,-0.42615841519531494
1.3270103236563886,0.8110109614201753,0.9451199573397655,0.9451199573397655,0.9451199573397655,1.4426373779609516,0.16868298815591376,3318,0.16067522856686736,-0.25380073477565945
1.069204065097944,1.0566015564771423,0.13751600077490245,0.13751600077490245,0.13751600077490245,0.9924272108585684,0.10086512728739794,5395,0.14526460662133195,0.3682287120032435
0.9472375347205284,1.272307696514321,0.21978790822265581,0.21978790822265581,0.21978790822265581,0.6713517069660492,0.33973116826167304,5199,0.14999001876891688,0.0926905182069524
1.4555776315418765,0.9029165791418691,0.733896347954011,0.733896347954011,0.733896347954011,1.1363049494073998,0.019081434920543705,6612,0.051891569853447984,0.04368518637662511
1.2857339820781877,1.2975937327296911,0.5332251663227578,0.5332251663227578,0.5332251663227578,0.7995517006935874,0.08120360806267884,6697,0.09141496784408286,0.1517437527420109
1.239991807020195,0.8192774359931485,0.05694147728177279,0.05694147728177279,0.05694147728177279,0.6466869974242851,0.09738753153573897,5615,0.23859696367489241,-0.05718671557360555
0.8338591260459904,1.2480736044697605,0.26729171085676706,0.26729171085676706,0.26729171085676706,1.3122877303450475,0.05807811270784398,4049,0.211572479718397,0.21162875304308615
1.4986893483827524,1.2491315136376573,0.14947803660181413,0.14947803660181413,0.14947803660181413,0.8631208843516823,0.14661640845676724,5468,0.11782569013995366,0.03815376643920809
0.5429046093562019,1.018192077202805,0.4267032873092923,0.4267032873092923,0.4267032873092923,0.9565146896636005,0.045715538959728796,3813,0.2444201790082996,0.3847079408671088
1.1465405147201584,0.9507778525770552,0.20567621397926328,0.20567621397926328,0.20567621397926328,0.8924115774811818,0.013174438353126662,3646,0.17154900769299908,-0.4433053044333768
1.1381680420481188,0.8811471391845263,0.6685064636412172,0.6685064636412172,0.6685064636412172,1.4783323598435423,0.0379353446099338,5689,0.14513445937903327,-0.002387725045290834
1.3613088343835802,0.8908676573501074,0.33214095475215955,0.33214095475215955,0.33214095475215955,1.3161493275248042,0.30521747105646857,4963,0.19903816833270926,0.3847306188639116
1.416419223582958,1.3215966214990391,0.3987995102005699,0.3987995102005699,0.3987995102005699,1.053194257447139,0.24036216382079073,6106,0.07816023435990574,-0.1935378224730706
0.7240622018139758,1.2401485114416815,0.24363373599784732,0.24363373599784732,0.24363373599784732,0.6279224425235261,0.2629787569078511,3311,0.1110525402796067,-0.3423537404245448
0.8313966822651743,0.564235895985147,0.8062516194144452,0.8062516194144452,0.8062516194144452,0.9767442786197221,0.3602077221485622,4599,0.14878335263159537,0.18666397070972052
1.0095840162783083,0.9351557591246101,0.6544667792487433,0.6544667792487433,0.6544667792487433,0.795920808907134,0.22988170653476311,6740,0.19161489213840538,-0.4907050758372773
0.891208787495915,1.08557048868821,0.6234797005366184,0.6234797005366184,0.6234797005366184,1.0919769780983133,0.08804196660731156,6654,0.10394634172436645,0.023866537216261308
1.0560129509490979,1.461456075870715,0.48470666143698926,0.48470666143698926,0.48470666143698926,1.0311701053269506,0.28200509394044787,3742,0.20065076370812945,0.3129563528399554
0.8663444129899457,1.267808999442263,0.5953796277586368,0.5953796277586368,0.5953796277586368,0.5555987926071698,0.1217502131559603,5760,0.1258527122999218,-0.06919434154381332
1.41328089518731,0.9371333136627261,0.7292581414721175,0.7292581414721175,0.7292581414721175,1.1349600004450107,0.1895366444546972,4144,0.20282327113102755,0.08828932670677037
1.3393594861086102,1.429865800505766,0.3969752954644137,0.3969752954644137,0.3969752954644137,0.7694301017093781,0.04991343727633573,3916,0.24754708119425628,0.024558621782059586
0.6346762197789965,1.2981409083407427,0.554299164833871,0.554299164833871,0.554299164833871,0.5948790189511973,0.22555508394174312,4526,0.08830465437845376,0.46360064829021375
1.1526634810661855,1.1443532416963902,0.5094402323571727,0.5094402323571727,0.5094402323571727,1.490991945174695,0.31655996661850727,2583,0.21607703973734066,-0.40552207969239384
1.2340553554109512,1.0196898303417654,0.5572352007671018,0.5572352007671018,0.5572352007671018,1.2759427062497624,0.020913161364400024,3114,0.07516213671016743,-0.4691106002203941
1.2879326301274763,0.5198836536044772,0.2764700609190035,0.2764700609190035,0.2764700609190035,0.645057504150585,0.26324843570813367,5836,0.12309433546438592,-0.37918123787569946
1.211879806220066,0.5376418936619416,0.0772487732082372,0.0772487732082372,0.0772487732082372,1.088753347713522,0.2637165301470356,7454,0.23665980071203463,0.16709828197413834
1.4377664719238687,0.5311911003295416,0.09481508799007077,0.09481508799007077,0.09481508799007077,0.5201295367788592,0.2427612946337832,6274,0.11884396914708065,0.36091642644919864
0.8393632792803716,1.1549541484065644,0.022971607324875132,0.022971607324875132,0.022971607324875132,0.7799723055377472,0.3081570380811989,6570,0.21644668040354054,-0.3635784704484716
0.6991309597045542,0.8545898270049452,0.37060049562154873,0.37060049562154873,0.37060049562154873,1.0610665018467476,0.03544904946301637,5571,0.2016167749335338,0.4163055391625129
1.393551823680259,1.3264298507386774,0.22130230094802117,0.22130230094802117,0.22130230094802117,1.0541627233394273,0.04011746136554226,5831,0.22655652412118382,-0.09181629730301832
1.4881040815873012,1.386665748571947,0.9791417829286473,0.9791417829286473,0.9791417829286473,1.2829596149830127,0.29061588301559355,4660,0.12345611317954536,0.28043314958402943
1.012508523310994,0.5738735692068222,0.5586188402390044,0.5586188402390044,0.5586188402390044,1.151150189273615,0.14743351645084274,5757,0.1504896928617478,0.17751616683163107
0.6631064067589367,0.7029905395833252,0.4972054229575782,0.4972054229575782,0.4972054229575782,0.9211245040736469,0.3756623125829444,4709,0.17888028330561906,-0.248193171811661
1.2466707984789487,1.1892493089759255,0.3423146236548186,0.3423146236548186,0.3423146236548186,0.5993530812929182,0.33039100352770157,7171,0.2488569919658633,-0.011409879692170999
1.0217787178355002,0.7285997943509405,0.4590763328324321,0.4590763328324321,0.4590763328324321,1.375547501468954,0.02430046215395141,3012,0.21472474863980084,0.13165926600214717
0.7154503257905609,1.3210415905143893,0.8484747305464332,0.8484747305464332,0.8484747305464332,1.2195282534764074,0.03443347512725037,4819,0.16584542140304653,-0.1890687724478194
1.1233226260389868,1.0094531757728293,0.8873049059007995,0.8873049059007995,0.8873049059007995,1.3676381086429494,0.34076275769947406,4630,0.07516140953698157,-0.12036998114188957
1.2265036185812703,0.9623679279918869,0.1452412369486089,0.1452412369486089,0.1452412369486089,1.2912672598985355,0.12155255026893773,5198,0.2092436872529128,0.1414356080911564
0.886456060832682,0.5956320128485099,0.22464728075321316,0.22464728075321316,0.22464728075321316,1.1688057959735938,0.14165872400938798,5437,0.18195984260265363,-0.43895856734367145
1.0364930733924569,1.3101020141535644,0.10345389092464508,0.10345389092464508,0.10345389092464508,0.9057537224538689,0.09440730252624388,6421,0.22716031103190876,0.13771186585215656
1.388897564602896,1.2058023548462304,0.3834432570877325,0.3834432570877325,0.3834432570877325,1.116553942147543,0.2587005497259371,4917,0.2418902953815807,-0.37714505566700296
1.1617680035350237,1.0652450323766727,0.04628382917677465,0.04628382917677465,0.04628382917677465,0.886229356542824,0.08488600244611529,4826,0.15586454504297748,0.4198393804314423
1.0956629804043345,0.5918561922347609,0.835385753483094,0.835385753483094,0.835385753483094,1.2841186707883372,0.19144025732223857,4348,0.2441092749340853,-0.3680526027228488
1.3017763799455013,1.4811721615117293,0.10207328931351956,0.10207328931351956,0.10207328931351956,1.4775759053347113,0.25848455296889017,5614,0.16263969813621015,-0.22578505985139485
1.0451258173871294,1.2103119888924363,0.15370329545007688,0.15370329545007688,0.15370329545007688,1.1673627422067132,0.19978983240519274,7339,0.08633226823019527,0.3108377627913418
0.9283664391348168,1.4504689464637321,0.32600976143338656,0.32600976143338656,0.32600976143338656,1.4138758340793378,0.19936572831768756,3174,0.15955359455795842,0.45606801524129326
1.3016541522574876,0.7756924575095021,0.08047594116900503,0.08047594116900503,0.08047594116900503,0.8965546517413078,0.39096806410751195,4039,0.13305802609476736,0.4325818789650584
1.0340944721236653,0.5813141084036124,0.22698147242621425,0.22698147242621425,0.22698147242621425,0.8347702755819912,0.2873442063861748,4076,0.13336785151707392,-0.10022683242830333
0.8552716808208717,0.6397082153220605,0.8891706449959611,0.8891706449959611,0.8891706449959611,1.3163045795822073,0.3279281235736025,6713,0.12563531778674586,0.162384148722705
1.3762316652113806,1.2820196473138679,0.052623239587853976,0.052623239587853976,0.052623239587853976,1.3687681229992559,0.29384940949494515,3619,0.10113324216122109,-0.09447532509327794
0.6200068637544028,1.1390554067608902,0.39668006862464744,0.39668006862464744,0.39668006862464744,0.6418049073454305,0.2946526792848143,4759,0.05566596903227255,0.4441470819183142
0.984972413224582,0.6778899317669347,0.6727562758238126,0.6727562758238126,0.6727562758238126,1.0202461656184243,0.24118956743891384,3868,0.22931119293887953,-0.25219006110754827
0.7456574399916746,0.6221061754403918,0.6619014144988175,0.6619014144988175,0.6619014144988175,0.6385211984044817,0.16259492936203113,3864,0.24582183025731535,-0.4441560198035338
0.585761750476088,0.7390183679552986,0.5740074865489652,0.5740074865489652,0.5740074865489652,1.3631819977061554,0.32249027610355185,4283,0.22251259543350566,-0.34100373425159947
0.7431107213814455,0.7351261723770021,0.9364244355059053,0.9364244355059053,0.9364244355059053,0.7574651360367595,0.24702719867470396,6458,0.17903121758795232,-0.09981890598237886
0.8079824424073441,1.0483888911666654,0.6951154691445038,0.6951154691445038,0.6951154691445038,0.7634754153534,0.39974777429338054,3427,0.07854403899069339,0.16643183424311847
0.9726688654693674,0.7494918254916686,0.413125612360849,0.413125612360849,0.413125612360849,1.321379105681948,0.2813809867665364,6438,0.1550553801223125,0.2894304578212772
1.0121890302919008,0.6842765052478257,0.09507577977029535,0.09507577977029535,0.09507577977029535,0.7160839086353656,0.10047434129739052,3083,0.1424664648963816,0.03897443401554812
1.2367382104792672,0.8339901088065395,0.2923041195850965,0.2923041195850965,0.2923041195850965,0.9281888722621741,0.3235064684210937,4412,0.0711911481842704,-0.08041604370859035
1.4191295251827283,0.5332757573623834,0.22327994874531065,0.22327994874531065,0.22327994874531065,0.5272500370267255,0.28940980877084405,4011,0.13633044548963438,-0.4697010840633955
0.557838355889753,0.8770948676337843,0.1745110602691462,0.1745110602691462,0.1745110602691462,0.5593951484102901,0.13034119950435782,6886,0.05975873066991311,0.3679557298765401
0.8443895086154194,0.6120474184257108,0.7525965702902996,0.7525965702902996,0.7525965702902996,0.6951291589686625,0.030577865266934002,4782,0.19882904425481174,0.3301195475578165
1.4710706989541413,1.2469644298469902,0.869983490561513,0.869983490561513,0.869983490561513,0.6741307063830894,0.2506926491573525,6130,0.19029114345590042,0.26381987071723956
1.3927269146676333,1.2468684302540383,0.7437320354068127,0.7437320354068127,0.7437320354068127,1.20913697812278,0.18167525598097634,4983,0.23971651682767625,-0.41024946888733516
1.4272744912515307,1.1465676263047897,0.8060723388359738,0.8060723388359738,0.8060723388359738,1.0380649966121522,0.1431981691575803,6907,0.24462417519638974,0.3351359798086653
0.6242708179232033,1.0193268773503754,0.7752654141147177,0.7752654141147177,0.7752654141147177,1.013018264930905,0.38029294831558463,2617,0.2380343015690578,0.459386622996686
0.6581053211733522,1.232132462122053,0.8374259085993269,0.8374259085993269,0.8374259085993269,0.9524130921079144,0.18715820170185574,3854,0.20077699759376505,-0.38931484175051756
1.0863588638611699,0.8338234798413753,0.8930750491841203,0.8930750491841203,0.8930750491841203,0.6439746530236656,0.23493492403831517,6958,0.22232835357554803,-0.09636392383700276
1.2977888381630809,1.3070564054659095,0.749462339957277,0.749462339957277,0.749462339957277,0.8244596733718423,0.22418005538176958,6901,0.07790358345901094,0.11389637221520121
1.2273850776663533,1.2900774315246586,0.05854072686576395,0.05854072686576395,0.05854072686576395,0.9454567546643025,0.051881707110136024,4440,0.058685777355889736,-0.43359700327684014
0.8511068233760926,1.414905932744162,0.7231766593695835,0.7231766593695835,0.7231766593695835,0.9162884734212715,0.04390705975116896,4582,0.07954069111119717,-0.4689445219756391
1.1637721383023867,0.8988455954841089,0.26555290146528177,0.26555290146528177,0.26555290146528177,0.5690651913832768,0.18102034171315318,5814,0.11342985775904034,-0.14857976988373478
0.8034416989116508,0.5844560805131039,0.6195695777026746,0.6195695777026746,0.6195695777026746,1.4434204022185675,0.1579905660434776,7491,0.15432671902114928,0.032750443463073986
1.2801294094880538,0.7561404768492298,0.5618873155282815,0.5618873155282815,0.5618873155282815,1.1355214004174106,0.3315936226562965,2651,0.11515307914260481,-0.43597763744943807
0.9386361732789111,1.1211773999991559,0.1549679476203465,0.1549679476203465,0.1549679476203465,0.6346796864177583,0.2229736840157206,4787,0.16075400303224818,-0.057682607153512255
0.6679338203230164,1.4899495776702234,0.6245298755691083,0.6245298755691083,0.6245298755691083,0.6467752508691322,0.07807265128081116,5190,0.20537106027331498,-0.4034191333860906
0.9232223075993136,1.4808578691988088,0.7611991271976957,0.7611991271976957,0.7611991271976957,0.6230653960473468,0.26079678769386494,5317,0.09305900490771622,0.18556248793331265
0.5216777161791873,0.6685084836122654,0.5880040562404042,0.5880040562404042,0.5880040562404042,0.5381157220017541,0.3618093028736837,3079,0.1363500655344469,-0.43602715331249586
0.72824139932605,1.0210302432198222,0.7149039963675502,0.7149039963675502,0.7149039963675502,1.3634779716313798,0.0774160361667323,6423,0.20497904565275332,0.4265552666989836
0.5682066442965719,0.614262365653794,0.6411961172248308,0.6411961172248308,0.6411961172248308,1.2980304069514332,0.08867338837267669,4833,0.06368536841572754,-0.08934661138992028
0.7951352266746159,1.0489257634209692,0.6227988155224391,0.6227988155224391,0.6227988155224391,0.9288905988788879,0.27549422761916853,3921,0.21174918161141126,0.39655396749301164
0.5666221969817071,1.4251839610545227,0.12481161243858796,0.12481161243858796,0.12481161243858796,1.4594237280969775,0.2805352933952134,7008,0.2247781816492766,0.0014366299815292694
0.7407701414381446,1.178664428978792,0.7641886650046807,0.7641886650046807,0.7641886650046807,1.1438596984615828,0.3704353600497442,4200,0.07298438102357868,0.29272394694905135
1.0195092727409332,0.9077065953138514,0.001979838042490467,0.001979838042490467,0.001979838042490467,1.3207577878271364,0.38390820245448487,4866,0.16217931320128712,0.30008076890588
1.140117768721419,1.0059115949829263,0.21642214109869418,0.21642214109869418,0.21642214109869418,1.3862358735623692,0.2873175125267217,2536,0.23518674271055057,-0.1824826761451377
1.0729759315816598,0.7052441351808879,0.9374326700406084,0.9374326700406084,0.9374326700406084,1.3231268454060479,0.044012662919843765,3767,0.05802626140527809,0.48672795262035207
1.0310010717011382,0.5467178521867752,0.14011173926449116,0.14011173926449116,0.14011173926449116,0.9348840673171441,0.045877949785321004,2872,0.1812505512557434,0.33352498615342974
1.2818619390357795,1.3387846828197065,0.31743748244205916,0.31743748244205916,0.31743748244205916,0.65517304248649,0.18348605524602057,5666,0.23232653202555886,-0.2863247428900375
1.206085194280627,0.6359444340634942,0.8776958466747967,0.8776958466747967,0.8776958466747967,0.7581242047044877,0.04538554117415017,7120,0.07025723880505144,-0.18813724632429785
0.699372078696348,0.8923099636988515,0.04244492564576641,0.04244492564576641,0.04244492564576641,1.4083701179925119,0.2185233543615589,5557,0.11013811638322,0.26079210678178333
1.2703882394131725,1.304961602528527,0.21109776391321222,0.21109776391321222,0.21109776391321222,1.038394621323096,0.2079482286512893,7075,0.16769479422687322,-0.3852597562515734
0.6539427179156804,1.36666707724988,0.5775423683441566,0.5775423683441566,0.5775423683441566,1.0602774019005237,0.1508974650753163,4396,0.1609519392220068,-0.15712525262895594
1.1360089448948218,1.4060504158705318,0.09286636534315629,0.09286636534315629,0.09286636534315629,1.0555803869142455,0.0534772647965843,5759,0.14583848668019483,-0.28385021009068745
1.2103206362750787,0.9593129851110686,0.5974753989558067,0.5974753989558067,0.5974753989558067,0.722087968156855,0.2717443402696612,5372,0.06705793903147175,-0.23008540602002814
1.339528076494102,0.9822372044573859,0.8172600483942777,0.8172600483942777,0.8172600483942777,0.64592976248233,0.343759204995175,5485,0.243740481810565,-0.15433847810968715
1.4406389492913139,1.3471363991337886,0.4508094025535534,0.4508094025535534,0.4508094025535534,1.239688001138458,0.0952622022757645,3541,0.12673991104478569,-0.338834707603234
1.2545255028794802,0.9551588788317009,0.2616510390332659,0.2616510390332659,0.2616510390332659,1.113750748823723,0.298679052537781,6610,0.17101053182779857,0.1847769205197186
0.8108376426882076,1.1760824794683873,0.5884343368134811,0.5884343368134811,0.5884343368134811,0.7812520092712526,0.32790928065246083,2784,0.24337036456232664,0.10552840998421276
1.1186044146162777,0.7886307674956455,0.005330210828622173,0.005330210828622173,0.005330210828622173,1.098207746270449,0.1986181297960768,3373,0.23699969159610185,-0.03427597865940113
1.1612781309475537,0.699746154502914,0.24528499829702033,0.24528499829702033,0.24528499829702033,0.6872399874018739,0.08328361081243521,5839,0.11182838699882769,-0.42128837737261815
1.2133205817571424,1.2833507472075527,0.9112280190860949,0.9112280190860949,0.9112280190860949,0.5411507487552012,0.3104996147149991,7091,0.15295436422233102,0.18848988981905102
0.7784027702784078,1.1693440717610877,0.5784845034969603,0.5784845034969603,0.5784845034969603,1.2433476394391763,0.05446756486841529,5847,0.12219307311459221,0.34983806070685464
0.9354588730358692,1.430909707583312,0.1139771496121057,0.1139771496121057,0.1139771496121057,0.9709092580749281,0.2948499064364407,5932,0.16353469771077014,0.3457250316928834
0.5354444089153986,0.8452809106542263,0.07844974831654117,0.07844974831654117,0.07844974831654117,0.7103533423327654,0.05943295259985564,3063,0.1646927897445286,0.27598338891942265
1.3373475718431047,0.9258750691902817,0.039422569842873956,0.039422569842873956,0.039422569842873956,1.1040027660660348,0.11301006489836052,4031,0.1050335005550372,-0.3384036977887177
1.1421070587771314,1.4854035392219136,0.18081908125380353,0.18081908125380353,0.18081908125380353,0.6644501883672589,0.10420142022915911,4802,0.08395182812609236,-0.07753539882495131
0.7447989287339247,0.9761704717819963,0.5260612720554871,0.5260612720554871,0.5260612720554871,1.4352925801298904,0.2892312050064843,4047,0.05877433118049298,-0.4698946337919584
1.461578742921322,0.5817369439769117,0.7163404883645492,0.7163404883645492,0.7163404883645492,1.3265187472798332,0.26519152367333065,2914,0.06748175298737472,-0.3126376914743242
0.771573007857139,1.2379356753023565,0.739489928276314,0.739489928276314,0.739489928276314,1.3030990004880392,0.12354867215751564,3044,0.2464230116796179,0.06393083793449195
1.0416709730419844,0.9067750049032441,0.24045309106331558,0.24045309106331558,0.24045309106331558,0.737247958007958,0.36314568613171666,2716,0.17391960951829047,-0.41913821788270356
1.2589281056549184,0.7846696902911217,0.2888517448789025,0.2888517448789025,0.2888517448789025,1.3408563476982605,0.38813962173819694,7456,0.20202983849695783,0.01988662121105489
1.164013332418358,0.709330764993785,0.6211468209440681,0.6211468209440681,0.6211468209440681,0.8643900924950368,0.19285871444783875,7071,0.10479994925224796,-0.28326859559761997
1.1316331880591206,0.6030817939904715,0.9732469452731934,0.9732469452731934,0.9732469452731934,0.5151160564174478,0.1448496244175384,7408,0.14650158472610753,-0.4992244697998075
1.2112090921974874,1.3086016404600995,0.08543127559820451,0.08543127559820451,0.08543127559820451,0.9071350282601194,0.29063931518638836,7040,0.08312413417202091,-0.17149654457950514
1.4291096407801254,0.6203895900459753,0.596531271551992,0.596531271551992,0.596531271551992,0.7184745447811375,0.05644063237898829,6929,0.12162130272575032,-0.08828382635254117
0.8529912779225828,0.5275298390009384,0.3757224679537521,0.3757224679537521,0.3757224679537521,1.0968712572638957,0.1381739167327242,5893,0.05050113468597146,-0.3767833576210382
0.7350928474444324,1.4335535567462663,0.03687428022222716,0.03687428022222716,0.03687428022222716,1.1485052328401224,0.2153863854433674,4338,0.1977006927263122,0.39635694103407626
1.1255597044457764,1.198675482322376,0.32512928751003345,0.32512928751003345,0.32512928751003345,0.6246108723594022,0.13266365859108822,6519,0.20499640514472095,-0.006147490125754662
0.8657214088773725,0.72235635878212,0.09646104527636756,0.09646104527636756,0.09646104527636756,1.1601554350600196,0.02731754081673046,4723,0.2486264275556454,0.48180151129669113
1.3004104931469782,1.1457357851202552,0.8246619691147048,0.8246619691147048,0.8246619691147048,0.8532589294410365,0.10211488371082651,6063,0.10314588832341282,0.2819289771023846
1.0769341574677866,1.1879280842914612,0.5870135768514128,0.5870135768514128,0.5870135768514128,1.2947319545031817,0.12174655528353401,3296,0.14408308571397244,-0.06332111229676529
0.6234342037903732,1.0867563719069853,0.9124634974405534,0.9124634974405534,0.9124634974405534,0.865579966912508,0.054480561450964166,4372,0.13190682048546176,0.18774947327517544
1.297891509869507,1.1324304206786744,0.2937708546007868,0.2937708546007868,0.2937708546007868,0.5717105324705647,0.21956301768535802,4155,0.16888658589133188,-0.4895565862369351
1.482528066673501,1.2497388253223822,0.1607994953697781,0.1607994953697781,0.1607994953697781,1.422072471953292,0.18065044027217134,5954,0.05390442054766836,-0.06049279614789349
1.4885974346067514,0.7576893835852844,0.6914557050591922,0.6914557050591922,0.6914557050591922,1.382219288638457,0.3832364112495043,6781,0.17346940579858386,0.33374919658752467
0.7402825733660342,1.3085776437102399,0.8886101102403752,0.8886101102403752,0.8886101102403752,0.726789463550591,0.2964247805949111,5126,0.2241024300585584,-0.21607889435792293
1.190820043180017,1.482916346093234,0.4447944119570897,0.4447944119570897,0.4447944119570897,0.6205680374330552,0.3374087571594625,3186,0.14452539714760188,-0.39576400798482636
0.8312783994167319,1.4665031406491875,0.892866483540372,0.892866483540372,0.892866483540372,1.447853439553998,0.20191178905257468,4711,0.17951144734149255,-0.36598455275033526
1.439346547480163,0.5497858399720148,0.5968861191671445,0.5968861191671445,0.5968861191671445,0.7553738749824918,0.34560910773967934,3411,0.14318583223601888,0.3592279398012398
0.7766942177209354,0.5214668730594373,0.06602539290984033,0.06602539290984033,0.06602539290984033,1.2268803497234066,0.2245729414242233,6709,0.11208390422611901,-0.30905609898502506
0.9825093281447824,1.2988105619734087,0.29879929291983065,0.29879929291983065,0.29879929291983065,1.2601964252961557,0.15300834563953392,6413,0.09223825503025272,0.38429495928840696
1.3520544607139287,1.3948671846445315,0.03378366536394317,0.03378366536394317,0.03378366536394317,0.5752449931455825,0.3955921951861131,6441,0.058960059356777644,-0.038141975076738
1.4223712854367023,1.224237550052102,0.708129978966627,0.708129978966627,0.708129978966627,1.3992737472876935,0.15683147631454855,7136,0.12975477253809214,0.18252328096053594
0.7368338211115147,1.210197929672142,0.7760508030705486,0.7760508030705486,0.7760508030705486,1.3711790102460446,0.00996346346216086,4273,0.23217102496742942,0.042752304759928084
1.427743121464176,0.6226108318027299,0.6046408732421246,0.6046408732421246,0.6046408732421246,1.4745919473292743,0.1559662238457784,4411,0.08120257436266703,-0.14273251549242816
0.9815607517945053,1.494494596431764,0.23485528519466436,0.23485528519466436,0.23485528519466436,0.8149845215113173,0.1413447094058205,7329,0.1920697392961827,-0.18789824294425117
0.6458783264569558,0.7265004500143617,0.19920409657122806,0.19920409657122806,0.19920409657122806,1.1392395327262643,0.1630302870409065,4968,0.2416537162826477,-0.469375936846122
0.5843921333586841,1.1000486329186714,0.9824548387499863,0.9824548387499863,0.9824548387499863,1.361721118356581,0.13428099729723467,7322,0.22290347900583718,-0.4697962588923581
1.0982749088944739,0.9042761199955495,0.5877197335284455,0.5877197335284455,0.5877197335284455,1.0335502855112213,0.12316974753416461,5054,0.19005132605861763,0.16992917385955508
0.8463622882084465,1.0921966173481867,0.9707016206655473,0.9707016206655473,0.9707016206655473,1.0625648436172335,0.08049093247010704,3481,0.2080153709575197,0.378006181710986
1.113043413166911,0.5772752461527285,0.9320252597189655,0.9320252597189655,0.9320252597189655,1.1059258512151138,0.023573143250957607,6847,0.18203882129413523,0.441749426634235
0.7117129891337387,0.5419530338441065,0.9498548972354165,0.9498548972354165,0.9498548972354165,1.2914083465470778,0.16074315705555572,3933,0.22882714978959678,0.46488038193935655
1.0741326529965638,1.1337242386929376,0.5262572825442003,0.5262572825442003,0.5262572825442003,1.2502076642072497,0.06591549852120751,5314,0.1688144602148719,0.0022256910408404718
1.4678826093999309,1.4882895633097317,0.8332979635840623,0.8332979635840623,0.8332979635840623,1.235589289450827,0.27781417586206686,5368,0.23318882209389463,-0.22260635371272353
1.0958220443806703,1.3739721168296857,0.7917792080771323,0.7917792080771323,0.7917792080771323,1.0320681211527412,0.17972757856836605,3897,0.12281787184393489,0.21689395244384913
0.5108518224071558,1.4968488685700534,0.20374518685862186,0.20374518685862186,0.20374518685862186,1.436874523033476,0.016507689262244576,4750,0.08028287132682568,0.15238193402509048
0.6597152106616816,1.1391159709584588,0.4269481897527233,0.4269481897527233,0.4269481897527233,0.962132391236369,0.1458313184301713,3426,0.12106028640089386,-0.44794444814942447
1.2955548530461414,0.6938504358920324,0.32890693472886945,0.32890693472886945,0.32890693472886945,1.4301139596619543,0.3679792041998172,2996,0.07906372591445164,-0.37306820935892104
0.9921193076213691,1.3516261086276402,0.8529711052810638,0.8529711052810638,0.8529711052810638,0.9554208693551404,0.18381259723922835,7194,0.09053931820135093,-0.11020972826086717
1.2864290685080433,0.7334592197489236,0.5243836627090196,0.5243836627090196,0.5243836627090196,0.8703416436441507,0.27104008365491117,2717,0.1119670051655787,0.02661832590451696
0.5559211418692117,1.413365703344383,0.8301949702940196,0.8301949702940196,0.8301949702940196,0.8165760321540892,0.23754112889520781,7084,0.09038274129986278,0.22771153884825301
1.1726604084055312,0.5209594472529316,0.36289691150647185,0.36289691150647185,0.36289691150647185,0.8314110008049084,0.3176711739272967,2979,0.17820076231617282,-0.3586523344663043
0.7558944608892397,0.6388668277213957,0.6263388704813335,0.6263388704813335,0.6263388704813335,1.4604974460164621,0.12540913543500967,6880,0.24201123386406592,0.2518666807924219
1.3570349881615802,0.7955980733611921,0.7289511436776306,0.7289511436776306,0.7289511436776306,0.6940687899285356,0.2541871083092226,7149,0.12584990644791022,0.02438234935453576
0.6378607893094252,1.2815260560954052,0.792211679633033,0.792211679633033,0.792211679633033,1.1969364270471519,0.24578052712148374,2549,0.19542275796535213,0.13034705454255202
0.6670121888574773,0.5216941976714503,0.5332897419889266,0.5332897419889266,0.5332897419889266,0.9352542068598204,0.1890521927370784,4903,0.06582508645808537,-0.01864444296047163
0.745624517464189,0.8241925902827608,0.08079030800764708,0.08079030800764708,0.08079030800764708,0.6269722060792271,0.38574776664292365,6797,0.12887504542374778,0.49354111673745793
1.3061982855812224,0.5329089578159014,0.7177988821431106,0.7177988821431106,0.7177988821431106,0.8795920584513005,0.07542438495739266,6951,0.11917818415873466,-0.4780001681248922
0.9358115340071843,1.1576862400201182,0.048427932441466925,0.048427932441466925,0.048427932441466925,0.8655680448222635,0.325053296925573,3124,0.09003966540688742,-0.4247629920767956
1.2350798407005157,1.3279557959282802,0.02372296661314177,0.02372296661314177,0.02372296661314177,1.1713758083374737,0.3692521847497049,5766,0.11289543859148238,0.2550553584283345
1.0919684928528468,1.3040971647771147,0.9324278575502268,0.9324278575502268,0.9324278575502268,0.8335408366721938,0.2697779884628177,4942,0.10261492203541074,0.18667634402518207
1.14608882679644,0.5125766838601263,0.7400704033802502,0.7400704033802502,0.7400704033802502,0.9701169523019625,0.20210795416108285,6420,0.07062127700405202,0.4676037180210705
0.93115189121712,1.2439009782422166,0.08569534479207508,0.08569534479207508,0.08569534479207508,0.9018731190209928,0.3143395498770744,6817,0.1029587817915286,-0.3497623897162796
0.714122973696779,0.6684169681672398,0.34799488579518867,0.34799488579518867,0.34799488579518867,1.4976576459752082,0.13344929983701967,4867,0.13816941249284775,-0.41011412351525933
1.1168012613792593,1.22606582453857,0.3054315910752262,0.3054315910752262,0.3054315910752262,0.9767414653940923,0.1358174390709687,5147,0.18985244255217276,0.2836431631946891
0.8377308244994447,1.1745067961565003,0.5270318245660377,0.5270318245660377,0.5270318245660377,1.0129091643787964,0.05988952418860918,3884,0.09709995607321116,-0.11210354148026147
0.8778983544804199,1.3129488731515409,0.004294419439921149,0.004294419439921149,0.004294419439921149,0.9001589571451882,0.3705056282278009,5147,0.21612327569154322,-0.44076287309655127
1.4575036226870184,1.0855819630442145,0.6732260217820213,0.6732260217820213,0.6732260217820213,1.2422862656185854,0.35188639126796084,6680,0.11052196959577759,-0.2163623241019047
0.6014816175007719,1.4714510175603355,0.5549708863241675,0.5549708863241675,0.5549708863241675,0.6008317285616632,0.36106748631817864,6658,0.11311697975243157,-0.11204478177629595
0.7721151227267479,1.3554917632422796,0.06078365794636609,0.06078365794636609,0.06078365794636609,0.7405365806567593,0.20913980812076105,6065,0.20768162196286682,0.34128990484212784
0.9977521162999636,0.6858057789514106,0.8795107375439914,0.8795107375439914,0.8795107375439914,0.8194598224018448,0.3871391341481365,2667,0.16480613049983972,0.3170977033473803
1.0646004545759484,1.0133375464178904,0.7642278962525666,0.7642278962525666,0.7642278962525666,0.721906816779516,0.3784480980461697,4644,0.061861360352510025,0.3666890623068648
0.5098033423265123,1.1591057975259913,0.6916585416791334,0.6916585416791334,0.6916585416791334,1.459765477542972,0.31043601087307576,4863,0.23746832061388456,-0.16950337997445686
0.6233419450955373,1.1967320581792489,0.9647571287947665,0.9647571287947665,0.9647571287947665,0.6961490628254994,0.15089833184914433,4256,0.07860785000313036,-0.10934633992969334
0.9885296941965551,1.1790929172711189,0.7042418185874841,0.7042418185874841,0.7042418185874841,1.393288262296469,0.26726677308292507,5024,0.1943720720404229,0.14799473258464524
1.1091333025754868,1.005612099482911,0.6154884918283864,0.6154884918283864,0.6154884918283864,1.3076712845149259,0.3809283352251392,4756,0.22203765984095808,-0.34213328297274825
0.8100753584063588,1.4574078856234955,0.19468023993368022,0.19468023993368022,0.19468023993368022,0.8417164563256186,0.36323941862286674,6126,0.08316442158995607,0.3507432498627584
1.3547602367447524,0.6365981428565469,0.6318096870347878,0.6318096870347878,0.6318096870347878,1.2689510201360974,0.22604753660642332,7340,0.06772882280065691,0.35207653385898297
0.5393574613486183,1.4613185561692528,0.23976458196293104,0.23976458196293104,0.23976458196293104,0.6596159595261277,0.01563578572371558,6246,0.15269618448750716,0.32790219875576443
0.5126187506467035,1.0022408791717317,0.8892381410150318,0.8892381410150318,0.8892381410150318,1.3363814753783458,0.09075783434630008,4592,0.09196058907609841,0.1480886222404194
1.1088832967796165,1.3017904470564137,0.10176737031436733,0.10176737031436733,0.10176737031436733,1.0271329634619897,0.13511951887318255,2540,0.08286604320376156,-0.07389085401426698
0.5030898685939853,0.6500703666763524,0.6402990074746602,0.6402990074746602,0.6402990074746602,0.7391599461859242,0.05640786402332454,4179,0.11254355746063582,0.31644190409341555
0.8911457641214591,0.5591711550348731,0.2651245563522021,0.2651245563522021,0.2651245563522021,0.538867884125068,0.015219308273046206,6870,0.11865184154946239,-0.3942587441732316
0.6050942030532342,1.3261856949360835,0.7474364754965344,0.7474364754965344,0.7474364754965344,0.8977216317605907,0.2255356612962658,6309,0.18466442727279503,-0.28576530280838586
1.333465066669215,1.313550409468128,0.5863253864696651,0.5863253864696651,0.5863253864696651,1.113101494427962,0.2385171899204691,7460,0.20023061226918848,0.07789072218146154
1.148365266735699,0.590829476557819,0.36500764196654634,0.36500764196654634,0.36500764196654634,1.3095310551567994,0.21367678880143673,6975,0.09847659910219049,-0.007001143603753923
0.8697092837363019,0.8350009893660367,0.6901607056168264,0.6901607056168264,0.6901607056168264,0.9301686764594777,0.37898191662341474,4301,0.1645959668051875,0.4640559565742223
0.7422275687687062,0.7984158982024625,0.35898797012729056,0.35898797012729056,0.35898797012729056,0.9803450131110505,0.13702860451432097,6891,0.1084623727962129,-0.06418780804569879
1.2467191505216253,0.7243729865521408,0.038463440891580825,0.038463440891580825,0.038463440891580825,0.6782405767368728,0.12710872314536142,2825,0.14830914714368953,-0.223588905551947
0.9254933733386053,1.116382199442152,0.6216836561485168,0.6216836561485168,0.6216836561485168,1.0110455494980783,0.009225751553564221,4764,0.16224525420642202,-0.1905168157432754
1.390343271644709,0.8131007330757191,0.6246074831215318,0.6246074831215318,0.6246074831215318,1.471474003024122,0.12154543738468422,2507,0.2251118379568629,-0.012214845051091161
1.1107058012111326,0.9362827486528839,0.3527942132441896,0.3527942132441896,0.3527942132441896,1.1874002304864473,0.23451049199399715,2732,0.08111862306859151,-0.32939512033473395
1.3016813442264257,0.9031225300347043,0.40473145048949766,0.40473145048949766,0.40473145048949766,0.646995718068397,0.29676677357475634,2780,0.05550730509516471,0.49606774415794586
0.6428109084589294,1.1056177279376687,0.13986763411718195,0.13986763411718195,0.13986763411718195,1.2857549312448047,0.14606557761992156,5386,0.15671407261212522,-0.3238855225839202
0.9760964464029114,1.1488223540631335,0.5539482235484811,0.5539482235484811,0.5539482235484811,1.187933908086718,0.35344145321828824,5394,0.23599275441315604,-0.30818253884445523
1.4508702956327593,0.5175977381707381,0.828916193136764,0.828916193136764,0.828916193136764,0.9254671143311927,0.3824580498250628,5622,0.20934268936405004,0.2064572814607869
0.5864113390996484,0.9204045108561502,0.9235227970340163,0.9235227970340163,0.9235227970340163,0.9575658184312951,0.3331146084110451,3040,0.24923083953635294,0.2945580887877508
0.889926741982798,0.8204977119198076,0.24329416072392263,0.24329416072392263,0.24329416072392263,1.4716650845265469,0.34546421443458075,2599,0.12552829232467336,0.15568225451975726
1.2810068904214211,1.3134834452023072,0.5843113235076082,0.5843113235076082,0.5843113235076082,0.5242365128340613,0.12115822279446947,4305,0.06636440083050113,0.3780508180853095
1.4860944026414518,0.9556481734059263,0.5560707242598546,0.5560707242598546,0.5560707242598546,0.557729522547861,0.28171666223367214,5153,0.08087277152616046,0.46141551341487475
1.081185466704211,0.9264001734484416,0.49441293477652937,0.49441293477652937,0.49441293477652937,0.8534620034572734,0.2311408345151351,5518,0.17987567127284027,-0.21510658292361373
1.1396574284254102,0.9022631787782609,0.3800358609633073,0.3800358609633073,0.3800358609633073,0.6469564301415947,0.20845179375036307,5228,0.22885074443054698,0.07001419691783661
0.7380346100911431,0.8354565910743327,0.24780261348527577,0.24780261348527577,0.24780261348527577,1.2394433255654702,0.22337225319819348,4065,0.1287539071379521,-0.3239431751085974
1.3506897840554721,1.4172582863614878,0.16561841523466914,0.16561841523466914,0.16561841523466914,1.2978585583540647,0.3661897289141233,6191,0.21678707023507543,-0.36876586530286337
0.906318745851995,1.3657435284977548,0.22511740825834692,0.22511740825834692,0.22511740825834692,1.1922179622853433,0.36573204035750617,4964,0.1339963612808646,-0.05738185906015292
1.388281370643208,1.2197266185484659,0.17033439490679925,0.17033439490679925,0.17033439490679925,1.3645179610298515,0.17698307656928627,6951,0.18086167942261933,-0.4811587559380094
0.6307852567310066,1.3226154005570934,0.4160353821151829,0.4160353821151829,0.4160353821151829,0.6964480017770951,0.1693313170936218,2900,0.1294299798522646,-0.29606871867718587
0.6698830742057628,0.8736692660542675,0.9173324238152609,0.9173324238152609,0.9173324238152609,0.8217110488542724,0.14612439237227667,6202,0.1443948784485105,-0.09586463921379595
0.9052039428152302,0.84815832544713,0.33808554532579116,0.33808554532579116,0.33808554532579116,0.7690368781443407,0.008588824225961923,4347,0.09722846333474154,-0.20981718360929202
0.6590768747548296,1.3548107503949347,0.80493663262743,0.80493663262743,0.80493663262743,0.5430506697892745,0.2865845150772028,7382,0.1528866778563882,-0.14321207253781087
0.5312114960235649,0.5252964984247205,0.7491752219615146,0.7491752219615146,0.7491752219615146,0.9446944210442471,0.3149917100541558,4650,0.0870285520427043,0.47239608630591634
1.4211779670423195,0.7887268224100719,0.001524788041351588,0.001524788041351588,0.001524788041351588,1.4490255809952064,0.19427985632345524,3103,0.142670375765715,0.21298048230050903
1.3156261671114962,1.344526376047011,0.33513235425440424,0.33513235425440424,0.33513235425440424,0.8404798921822147,0.3654618236159104,2598,0.1964816383254367,0.39472595740901073
0.8822574751792517,1.3565106340644189,0.9658096140726325,0.9658096140726325,0.9658096140726325,0.5725709016806777,0.355060965272652,3076,0.10019897139528496,-0.24687743392186412
1.3396803040396938,0.5226022366892725,0.7005020932740157,0.7005020932740157,0.7005020932740157,0.6120895918157093,0.07885464232216277,6905,0.067015562972221,0.3114787063062825
1.2711708767348116,0.6246223231139562,0.6362941484737279,0.6362941484737279,0.6362941484737279,0.8817495001637905,0.12519748379112708,5141,0.23097863376235556,-0.08531673520822147
0.7798754894698054,1.2696296669476537,0.4546095393654105,0.4546095393654105,0.4546095393654105,1.336775916205259,0.07127935028031303,3386,0.2206950963881395,0.39146551816869546
0.677100369226605,1.432280805398356,0.2695908675121411,0.2695908675121411,0.2695908675121411,0.5744148429431611,0.15028434799748608,5871,0.06789486811409172,-0.04338681603951855
1.0355557647955425,0.6697911491421655,0.4945021167424909,0.4945021167424909,0.4945021167424909,1.1940653326944204,0.019116673312593813,4345,0.1790849280173502,0.11646344407972598
