0.16622516358557693,13.352416801342937,0.023110531626375826,0.09697817891073643,0.14982556494967048,0.16867767928768115,0.18356583512306898,0.212376775026677,0.1153985961159406
0.18193094819943076,8.033094446232784,0.01792550634847762,0.10953360616529353,0.17295576063984067,0.1857765883071903,0.19484342492354567,0.21376590127625172,0.10423229511095819
0.1562422647173937,11.108766940245935,0.021079627074733494,0.1112244298572658,0.14296429274467512,0.15236302861274892,0.16506573227535085,0.21569614083453412,0.10447171097726832
0.1460775932621841,4.537931428734093,0.013472834042968231,0.09733057094719892,0.13681863710143582,0.14534635675228247,0.1549631242628504,0.20456134049146943,0.1072307695442705
0.10718678965844565,14.134737539297834,0.0237779204635711,0.06660640749344043,0.09139886737530928,0.10075052031393637,0.11408738460995405,0.1920066416011997,0.12540023410775927
0.15894422625576998,25.01650398240096,0.031633212914530806,0.06480959585625326,0.1382060757665745,0.16938828661909094,0.17919539312043709,0.21684453068113066,0.15203493482487743
0.18338707927377243,6.354999986100886,0.01594365075646213,0.12447810229020663,0.1727221826262043,0.1846999058281317,0.19474395650152407,0.21492439392718382,0.09044629163697719
0.12347609562244191,42.148431456572844,0.04106016632044875,0.06480959078780572,0.084962721185961,0.12502864460397473,0.15285685147377434,0.21684453068113066,0.15203493989332495
0.12672415118415856,12.224044675075202,0.022112480344886866,0.06490202202047833,0.11308199190703394,0.12177522172252774,0.13456048259070108,0.2165686586214205,0.15166663660094218
0.1597651771915645,22.56323501722712,0.030042127099942254,0.08840017623958611,0.12697046833715198,0.1648293008281606,0.1853621661624335,0.216733086692976,0.12833291045338988
0.17434744350335218,5.7794600306360016,0.015204551990290279,0.1342696032878373,0.16205519343498553,0.17154891152144588,0.18480086951998273,0.2097319573892552,0.07546235410141791
0.15333934105559635,24.361655707686854,0.031216441634297046,0.06488539529876253,0.13217732964803672,0.15525492334557503,0.17631401165418262,0.2165686586214205,0.151683263322658
0.09446045633985165,15.15413228489427,0.02462042427326895,0.06480957596397689,0.07270269745552087,0.09043292506811483,0.11056208463545539,0.2088799296376693,0.14407035367369242
0.13611582324465418,6.3492687632858615,0.01593645978664755,0.08915804724943203,0.12634972854190205,0.1353939747466442,0.1464944246822686,0.18145638267434958,0.09229833542491755
0.13432482736561197,52.84030008090152,0.0459740361860481,0.06480963346081138,0.09156006837442285,0.13034590139796617,0.17699682865173752,0.21646782562681754,0.15165819216600615
0.1716848543980612,12.642042349710543,0.022487367431258416,0.09618442714422716,0.1531569128884913,0.16984094967204147,0.190357743766826,0.2171629710418177,0.12097854389759054
0.18629379821529288,1.5450163608667915,0.007861339226535874,0.1704484672826725,0.18016096110050822,0.18675983149987826,0.1914773932933435,0.2041015326591014,0.0336530653764289
0.13418822594890106,18.002129490527828,0.02683440291158186,0.06773158961718909,0.11367950075148703,0.13275869144662983,0.1556006010564831,0.1936633869409826,0.1259317973237935
0.12771799043868592,29.356397134621908,0.034267417255825924,0.06797647086918467,0.10050943881646508,0.11948321400725914,0.15560608635432646,0.20843540623055987,0.1404589353613752
0.1290270928553437,18.791471323144727,0.027416397519108692,0.06481233902486946,0.10920318175471724,0.1267614555353827,0.14596329609053427,0.21394816539996744,0.14913582637509798
0.14511002544228252,34.89269958285859,0.03735917535645485,0.06720264065007332,0.11955534992436881,0.14001603414558694,0.1773172764350845,0.21520475522142657,0.14800211457135326
0.17174284218424746,8.946565615598052,0.018917257322982158,0.11358316917821147,0.16104279808590097,0.17260355253413007,0.1857378779522649,0.20303366546744084,0.08945049628922938
0.13199933721681617,35.72356329827839,0.037801356218145614,0.06480957596397689,0.10267006602628413,0.13163769051938354,0.1607707248531988,0.21525357414999344,0.15044399818601653
0.1379852345429471,7.718720290886251,0.017571249575242226,0.06481212253207748,0.13519429512593767,0.1442226756190855,0.14695307509107147,0.20429438586550622,0.13948226333342875
0.13888361061223592,37.24742242169601,0.03859918259326019,0.06480958338524168,0.10983566841999877,0.14263423369271525,0.16800754240333998,0.214356705803002,0.14954712241776033
0.18248044839106672,4.11853735281747,0.012835166306390377,0.14251471736521523,0.17299204303623558,0.1825352225868189,0.19208199505653728,0.212376775026677,0.06986205766146178
0.12473839951247724,13.833643068707016,0.023523301697429312,0.06510398046634815,0.10742036741156949,0.11857510897864897,0.13955099694571324,0.21635575297092172,0.15125177250457356
0.1470161610153552,19.96898611549203,0.028262332611086457,0.0676243737469348,0.1238838291485083,0.14675134407866283,0.1699763123402936,0.20971322410080598,0.14208885035387117
0.19648804272541598,1.360243544992432,0.007376295940354975,0.1697320473462951,0.19206396676251403,0.19725050154287194,0.2011328483467802,0.21670040005846433,0.04696835271216922
0.13014463243988394,21.722969563651485,0.029477428357067705,0.06480963346081138,0.10953542264594518,0.12911844670970243,0.14936829599996684,0.21159801662325067,0.14678838316243928
0.13118943276211179,43.500642771590684,0.04171361541347894,0.06480957608947742,0.09557578687513382,0.13419626609329643,0.15983359394564875,0.21730438787559977,0.15249481178612237
0.1942408562000822,1.8475008562873827,0.008596512912308996,0.15953220122122824,0.18884634330154051,0.19344259708441125,0.19973337709429068,0.21397612828947196,0.05444392706824372
0.1510420625022553,31.28052417367856,0.035372601925037155,0.06483471910937984,0.12192486574838693,0.14645924019225004,0.18163363729471843,0.21730438787559977,0.15246966876621995
0.18204192627568788,2.63639417699729,0.010269165841483503,0.15703370394098676,0.17551171193752904,0.1814757819712704,0.18879702631680417,0.20801253713030332,0.05097883318931656
0.12115082027050575,34.711127925182545,0.03726184532477292,0.06480957499713208,0.08887444484044077,0.12024425075436553,0.1503941158469499,0.214356705803002,0.14954713080586993
0.15855928515007808,2.8098931194908294,0.010601684997189512,0.1096971029552881,0.1543150740860387,0.15850444640914724,0.16279043329874973,0.19975659289794595,0.09005948994265786
0.15649736866856373,36.46158615036692,0.038189834328191015,0.07352935636483587,0.11842806695215048,0.161760595186454,0.1903239145151287,0.2170461949371302,0.14351683857229433
0.12708363297170405,34.099702625776885,0.03693220958771727,0.06850964195667937,0.09632377491524875,0.11765514209131409,0.1502718127225719,0.21730438787559977,0.14879474591892042
0.15931810718903747,15.356756103571948,0.024784475869843968,0.10710300126137841,0.14074682288286783,0.15642987471711386,0.17828746075518379,0.21552419244712717,0.10842119118574876
0.1377367415024641,42.564217519720856,0.041262194570682184,0.06480961836627637,0.1011464998729372,0.1438843339144798,0.1692145228398325,0.21684453068113066,0.1520349123148543
0.16230067559617034,22.35006744651097,0.029899877890393445,0.06637986720428311,0.15687830612969977,0.1672408710673985,0.17773121468906553,0.20918696541645238,0.14280709821216925
0.1485859401817773,38.44397987414908,0.0392142728475993,0.06484749417482959,0.11649943692658563,0.15173603051077553,0.18128075049317224,0.21684453068113066,0.1519970365063011
0.1371381162727314,18.15926198072188,0.026951261180673442,0.08036400216484879,0.11748089937141583,0.13176966103049717,0.15016739304023666,0.21684453068113066,0.1364805285162819
0.15225490034454667,26.215346387290037,0.03238230775425991,0.06481020742037061,0.12180117810759457,0.153690883334147,0.18594876626025184,0.20789683669088338,0.14308662927051277
0.14460881643505907,44.3094453522911,0.04209961774282095,0.06480957596397689,0.11149676005055602,0.14719958303769895,0.17968208684237064,0.21684453068113066,0.15203495471715378
0.08721702214355782,30.48679518573956,0.03492093651993861,0.06480957499713208,0.06508228768447981,0.06609257422003884,0.106882498816575,0.21432162844616104,0.14951205344902896
0.1312478258272567,22.644130526085487,0.030095933629701862,0.06482125958402211,0.10994454170168008,0.12791820898759815,0.15066282840229064,0.2044868115425862,0.13966555195856406
0.17548918374821237,23.244246121353548,0.03049212758818482,0.08762925852832336,0.14931826238197884,0.19067080010935333,0.19809998341986454,0.21684453068113066,0.12921527215280731
0.16871618336881397,13.818623654426565,0.023510528411268484,0.06699395204551653,0.15638400592635432,0.17089085034017368,0.1841324266907716,0.21325936614936888,0.14626541410385235
0.13336482220761312,24.736957568416088,0.03145597403891101,0.06480966993935254,0.1122606921834416,0.13405628137490191,0.15600367163901213,0.2170206213940003,0.15221095145464777
0.18100047173833977,7.852644415895705,0.017723029555801913,0.12747642029365094,0.17232486341061115,0.18713194296099853,0.19346812816934034,0.20814737835569558,0.08067095806204463
0.1971349727713938,1.9420567759102787,0.008813754650341201,0.13567475735003706,0.19215630985364016,0.19852167558280523,0.2032026001724189,0.21409222232793362,0.07841746497789658
0.13130194647604151,4.281741105475735,0.013087002873806876,0.09399005958434477,0.12226320944943297,0.13010267798038042,0.14005414045343273,0.19380084243257995,0.09981078284823519
0.12178134991671598,19.03084304741051,0.027590464329119588,0.07614499964411948,0.10280572332630213,0.11317729265556187,0.13335519157538467,0.216733086692976,0.1405880870488565
0.12478869256911872,10.069044809436864,0.020068926039463957,0.06601259323637283,0.11418755572915443,0.1187517167331848,0.12537389956654443,0.21636621434660708,0.15035362111023426
0.16872074442734294,17.307396928193196,0.026311516055288944,0.0691676547702248,0.15361445249772226,0.17224050118036444,0.18719617167163408,0.21684453068113066,0.14767687591090586
0.16562983649224755,5.621394683332846,0.014995192140593392,0.11775808771844762,0.15734150572575206,0.1652336885692123,0.17365145904713988,0.2073619620817086,0.08960387436326096
0.1506224186866226,25.206522857455386,0.03175312448087929,0.07706764641066353,0.12626871521064167,0.1487105093997459,0.18142091707181263,0.20104883051762973,0.1239811841069662
0.1503027413081787,9.970287320629952,0.019970265216696502,0.10444440240458691,0.13446792984661413,0.14870893340662422,0.1654197635899021,0.1993766212547029,0.094932218850116
0.14456080903337684,20.44731609644684,0.02859882242082484,0.07494105618569556,0.12344321271297813,0.139793226498698,0.16348839546933702,0.21684453068113066,0.1419034744954351
0.13284751914614537,30.45683666880296,0.03490377439120472,0.06480961836627637,0.10649167459043653,0.13175915262992208,0.15685327234537647,0.2162945543002082,0.1514849359339318
0.14347119322300456,15.984644487496936,0.02528607876875886,0.06481412031142722,0.12598621471750968,0.13879655474450717,0.16185871767808302,0.21216091662795225,0.14734679631652503
0.1650686741321507,7.362277202058686,0.01716074264367214,0.13932688554351916,0.14988636213200024,0.16333453264790426,0.17704244706896702,0.20889749247463063,0.06957060693111147
0.12644998549713288,43.91742333631007,0.041912968559294425,0.06481199994059869,0.08961415699088138,0.12122382559802114,0.1608706996489447,0.2162285783694021,0.1514165784288034
0.1534299094396498,26.063659732202197,0.032288486946403794,0.06502713846171879,0.12954837721915935,0.16298995928759544,0.17768878791002427,0.21684453068113066,0.15181739221941187
0.16663310695831332,7.211922808329634,0.0169846081006653,0.13256825288671967,0.15241793756068767,0.1643100443602795,0.17939546693210556,0.20410474235312948,0.07153648946640982
0.14630467410466444,16.019078974694814,0.02531330004143657,0.07857918355784277,0.12743684039306452,0.1435849747874748,0.16243545077683927,0.21399324844958556,0.1354140648917428
0.16660409560997985,14.406190515780843,0.024005158208835736,0.10014974364824869,0.15497398768896195,0.1699370104951902,0.1838303454570561,0.21417548502570805,0.11402574137745934
0.15883312875622202,19.965323516661876,0.02825974063339002,0.08756044615064293,0.14101237005234593,0.15912360935338946,0.17896422316284483,0.21584616274372484,0.1282857165930819
0.15282239560827043,21.5651004906404,0.029370121205497535,0.06533637724075012,0.12941573122651226,0.15137310520098882,0.17746002013196208,0.21159400065466852,0.1462576234139184
0.1664770092820386,17.58513644082034,0.02652179212709453,0.06481569112378041,0.15039091570104524,0.17053763729185717,0.1835298387579705,0.2171629710418177,0.1523472799180373
0.1298052663454113,43.66510414185713,0.041792393634180434,0.06480957811359196,0.09310706019613763,0.12554376909683365,0.16538151082923133,0.21640925355086463,0.15159967543727268
0.11374294202914917,18.99847125233551,0.027566988411747487,0.06480959602967806,0.09375988449054642,0.10947248833043276,0.12942792701484945,0.21062693467113097,0.1458173386414529
0.12468718879254541,43.096397882702334,0.041519343868949725,0.06480959078780572,0.08886505393462667,0.11927472034934766,0.15860530852622956,0.21618628116693436,0.15137669037912863
0.12954605520408813,26.21181256334647,0.03238012511609334,0.06488834513612099,0.10512036402057248,0.11574176768426143,0.15691963143290305,0.21446856137429315,0.1495802162381722
0.10008437034653647,31.305691698857597,0.03538682901807259,0.06480957499713208,0.07204723073189125,0.08832306237529468,0.1168500420971922,0.2130985093163926,0.14828893431926052
0.1310249344939818,38.4503294331188,0.03921751110568788,0.06480957596397689,0.1018449593186679,0.12592096667337788,0.15915728986749259,0.21636621434660708,0.1515566383826302
0.1627751463378497,20.700810022638535,0.028775552139021443,0.0732611113169561,0.14051078786998855,0.16220418871648393,0.1894075621771344,0.21684453068113066,0.14358341936417457
0.13093578717000054,37.22786510111836,0.03858904772140321,0.0648111084749466,0.10019023396912284,0.12712248124158343,0.16112809841610973,0.2155120287330716,0.150700920258125
0.1755044391722347,1.0222342901887553,0.006394479776146783,0.10214349896631837,0.1726942529275487,0.17533124111366793,0.17845022425784263,0.21295805253415587,0.1108145535678375
0.12702851649342695,23.819442097652644,0.03086709710850869,0.06481002695909702,0.10350171762056984,0.12444821634179616,0.14773868566080697,0.21684453068113066,0.15203450372203367
0.18390655951584883,3.5815385763440752,0.011969191411860829,0.14838939590826067,0.17504954885225402,0.18331993980152977,0.19256482039367648,0.21636621434660708,0.06797681843834642
0.180079748772234,4.869828419855466,0.013956831187422834,0.1519383363098008,0.16875849915183885,0.1803147996357464,0.19163453839452718,0.2089561020909956,0.057017765781194794
0.10796028539197056,15.265568746004623,0.024710782056425996,0.06480963346081138,0.08700643466379654,0.1049494955553683,0.12849214520506533,0.17524709010586492,0.11043745664505354
0.16394710127971276,16.524121340590504,0.025709236737476673,0.06947240566894275,0.1464676859047967,0.1670976787120384,0.18436179612858775,0.21139699090129677,0.14192458523235402
0.16499957509772212,19.426695183208214,0.0278759359901749,0.06651114381540238,0.14842497355065087,0.17150488520810253,0.18614668549458133,0.2165686586214205,0.15005751480601814
0.15151999317374334,10.613908427740459,0.020604764912748177,0.08962940074975548,0.13489315837375018,0.1525366410840536,0.16872101402779988,0.2010817596527715,0.11145235890301602
0.1458109947323514,14.416744217687873,0.02401394946083453,0.07037231176647303,0.12953680279726487,0.14503011759974987,0.16164854235429701,0.213136427746985,0.14276411598051197
0.1869006947163173,2.612689603737781,0.010222895096278316,0.1576112086361655,0.1798915098540948,0.18658316982426296,0.1937972409602023,0.21423524293921378,0.056624034303048285
0.14392924591387352,35.14936611429125,0.037496328414548134,0.06489910559825465,0.13669855659324598,0.15378274199443864,0.16748994209674353,0.19994314499689106,0.1350440393986364
0.12294535622036208,8.149968613650943,0.018055435318652325,0.06797647086918467,0.11045324447617022,0.12366310634347653,0.1350115122952164,0.19396388730459074,0.1259874164354061
0.15338148984242433,10.54201558705134,0.020534863610018297,0.07123258002248654,0.13644679968100198,0.15031132349154042,0.1662872951612793,0.21684453068113066,0.14561195065864413
0.13254339370543874,6.566851153157277,0.016207222036064388,0.08678134317751206,0.12104227527094638,0.13358659018512586,0.14360673943786212,0.1889914415611545,0.10221009838364244
0.1565748392492011,2.465267180628981,0.009930291396789886,0.1356066024193077,0.14796926365944593,0.1575490652840688,0.16359283895148163,0.19901476186099204,0.06340815944168435
0.15005791881917122,26.10651927696011,0.0323150239219841,0.06614088478228618,0.1208656179406308,0.15414426139066634,0.17741918430732606,0.21132367294970184,0.14518278816741564
0.1591526058074199,15.485620928694738,0.02488824696815325,0.09532938327993083,0.13849525204218216,0.1574466254673551,0.17912047263857472,0.21684453068113066,0.12151514740119984
0.17786992118082476,5.884625222228969,0.015342262182910276,0.1347028439808408,0.16677293545894023,0.1771181351683791,0.1896201094603057,0.2140622745387497,0.07935943055790891
0.11664392839616974,30.556395077249725,0.03496077520722315,0.06828713498924172,0.09183082808648292,0.09993515665609794,0.1367892481006938,0.21684453068113066,0.14855739569188897
0.11202571515451347,14.753573423642251,0.024292857735262234,0.06481153790960521,0.09133726537325798,0.11385964192629336,0.1338629175391208,0.15619199451487445,0.09138045660526925
0.18615640534953742,3.7818920347599074,0.012299417928926405,0.16259495616022995,0.1767984373569085,0.18621042297997825,0.1946472201516264,0.20972893435704595,0.04713397819681599
0.12262078433281859,43.23468110176148,0.041585901986977016,0.06480957596397689,0.08902717003082766,0.11322159862579095,0.15111104680960286,0.21424047546451463,0.14943089950053776
0.14425937639027459,7.87416120773023,0.017747294112320594,0.09218526494795297,0.1316669917300593,0.14191203440954933,0.1546155665207401,0.21371720813181727,0.12153194318386432
0.17116876357599115,19.4415811273562,0.02788661408443571,0.10214349896631837,0.14594957864777888,0.18222841660335176,0.19433309569790952,0.20943172505463517,0.1072882260883168
0.1559979511676456,29.024238934099415,0.0340730033510986,0.08553116840872085,0.12391326513456952,0.15103492440275296,0.18919588070546411,0.21670040005846433,0.13116923164974348
0.10425873487074765,24.267143466775334,0.031155829930705,0.06480957596397689,0.08027189062306718,0.09537119938400278,0.12186609933270141,0.21559473570938514,0.15078515974540824
0.15178112371094363,20.442889638247305,0.02859572670050356,0.06850964195667937,0.1289318858556503,0.1491487693772141,0.17183518150948723,0.2165686586214205,0.14805901666474114
0.18524393185823076,19.846960726611467,0.028175848329100205,0.09089629954166506,0.16336035945303864,0.19829954940638134,0.20687987781914222,0.21730438787559977,0.12640808833393471
0.15896712690066161,39.299276822555086,0.03964809040675482,0.06571751318448164,0.12118399819953982,0.18429226957488798,0.19219027954026766,0.2052263467359777,0.13950883355149607
0.1337815959963371,23.700794485115683,0.030790124705896,0.06481026728772805,0.11282822350590066,0.13729385725368962,0.1537881231988944,0.2157583706280319,0.15094810334030387
0.15385250666866734,17.961086875986997,0.026803795907286713,0.08230090016281415,0.13136325197833568,0.1533044133239375,0.17420496133864893,0.21464293359449954,0.1323420334316854
0.09643894378237428,32.703270994778656,0.03616809145906301,0.06480957499713208,0.06924546789454944,0.08274227526370838,0.11327866632914811,0.21343306713008933,0.14862349213295725
0.13263788722180053,35.902155772925575,0.037895728399346316,0.06566370141863455,0.09857127552441494,0.12565186452752633,0.16514353831595371,0.2141670920336424,0.14850339061500784
0.12762573700018665,44.197985366735935,0.0420466338090154,0.06480958399620325,0.09003853288845635,0.12380793798180457,0.16339626795254772,0.21626381575320164,0.15145423175699838
0.14861331218657323,17.53533521660489,0.026484210553916754,0.06819923622472021,0.13026823334038803,0.1489020399795275,0.1677665727188143,0.20774471190750693,0.13954547568278672
0.09544031481792785,30.35299281595007,0.0348442206490259,0.06480957499713208,0.07252034687866861,0.07760936161573063,0.11039926337192307,0.21730438787559977,0.15249481287846772
0.12597017499707264,12.487503259384173,0.022349499555367382,0.07029229886766845,0.11058208653798994,0.12169167378050853,0.13782054011507128,0.21599319043372264,0.14570089156605417
0.15568454139472163,21.143680084095003,0.029081733156120528,0.06823561308215854,0.13409892565507633,0.15533850111154154,0.18049745313210266,0.2145863522348379,0.14635073915267935
0.13342578321054782,21.62527545127879,0.029411069651598044,0.06488819996653289,0.10990118912198082,0.12495977204111518,0.15284187646514502,0.2165686586214205,0.15168045865488763
0.12784597640974793,14.78710202117386,0.02432044573701219,0.07141327413838311,0.11204666775434434,0.12209831777266869,0.13844496823798028,0.21646782562681754,0.14505455148843444
0.15769630029931272,16.5350726439632,0.025717754679569674,0.09865863370341332,0.13797482619714185,0.15413563997152582,0.17623037788866033,0.21616062067916308,0.11750198697574975
0.16084288336461441,4.008966215949256,0.012663279537227718,0.14066761429345756,0.1521262878353663,0.15734481330743694,0.16692641823068266,0.1976360020207896,0.05696838772733203
0.15189810550261443,5.338219937534664,0.014612624593186076,0.1217312806798427,0.14370168274043382,0.1485344980091708,0.15496796857791403,0.21464293359449954,0.09291165291465686
0.17899960092809225,12.810357745101776,0.02263657018640569,0.11456262422132478,0.16280990432112696,0.18245542168226755,0.19789655631604455,0.21547792270354055,0.10091529848221575
0.12167586607884451,49.39576602931195,0.044450316547494664,0.06480957487100422,0.07972938528006042,0.11523658656322881,0.1576801814921983,0.21730438787559977,0.15249481300459555
0.15164135250608568,17.646441508578615,0.026567981864325803,0.07140402397364903,0.1336747959432105,0.14908829533444543,0.16971239621022172,0.21658788285389557,0.14518385888024654
0.13823445360098216,15.800077509650768,0.025139671843244706,0.06685357465606774,0.12042459417074,0.13636824925692917,0.150606580859258,0.21592711571273257,0.14907354105666482
0.13672006656358987,14.194865267903024,0.02382844121456796,0.09794618689618186,0.1207484509848107,0.12830171764987836,0.14734771632865457,0.2166155542181278,0.11866936732194594
0.11380817570127284,53.29464017752179,0.046171263867267824,0.06480957657040275,0.07668391089982926,0.10026498476649351,0.14219608138762196,0.21684453068113066,0.15203495411072793
0.14368284032517661,7.906076193536533,0.017783223772462105,0.07197664624707624,0.1333810038466076,0.14407239310324688,0.1552879517228706,0.19491165444670644,0.12293500819963021
0.15226032662109198,30.862406765171595,0.03513539910982745,0.06481289649088737,0.12903609618830464,0.14824839013223742,0.1821201910497211,0.2171629710418177,0.15235007455093033
0.12711035901397125,4.436363268286836,0.013321206053937966,0.09196626915430108,0.12050322442603432,0.12562119089626672,0.1303980426329265,0.20284907798024632,0.11088280882594524
0.14520087928931363,20.97762742505463,0.028967310834839076,0.08445066930696994,0.12094048383452823,0.15252925634103925,0.16763110161981284,0.21008721395636493,0.125636544649395
0.15956617018129754,16.696967379008328,0.025843349147514395,0.08029997753868089,0.14329798866403554,0.16183769598552938,0.17819211237105578,0.21609562020537187,0.135795642666691
0.08482349017614844,24.89816539206391,0.03155830501916344,0.06480957483812178,0.06704247745844015,0.07227857367364332,0.08505059213879948,0.21684453068113066,0.1520349558430089
0.10127366972116984,16.53338977026022,0.025716445921052326,0.06480957596397689,0.0809016197333866,0.09556352242367525,0.1180499713521297,0.17744532200644494,0.11263574604246805
0.12453199967720449,10.247978810875654,0.020246460244571794,0.06481121327235538,0.1129352926092816,0.12279696656109305,0.1378424174782574,0.19052308629390788,0.12571187302155248
0.12504788293017108,42.2855710292687,0.04112691139838667,0.064809575336807,0.08756683958652293,0.12727637300049868,0.1537177289862236,0.2165686586214205,0.15175908328461352
0.14964947657629865,10.294648397186375,0.020292509354130035,0.07932139443945099,0.13666677366069943,0.1509875149742787,0.16315002844264748,0.20451231237145456,0.12519091793200357
0.16342039631311506,4.318131767838181,0.013142498648032163,0.11489837631351002,0.1548237925283322,0.16289568608427185,0.1728505425971169,0.19890085695704277,0.08400248064353276
0.17038633167456202,20.26902624140393,0.028473866082008557,0.10026466710699095,0.14690208705796312,0.17323569255267626,0.19539669367337814,0.2160380078898623,0.11577334078287137
0.09717948780609391,30.710485079165945,0.035048814575769,0.064809575336807,0.06859606210378376,0.08336075974759559,0.1157069649860049,0.21090929444697906,0.14609971911017208
0.1319404226237192,34.30833807856196,0.03704502022057052,0.06480957596397689,0.10199821448245268,0.13945457536614886,0.16187261282333515,0.21515562793804074,0.15034605197406384
0.09760049866220817,22.93425730890709,0.030288121307804543,0.06480959078780572,0.07231012962616995,0.0871202235331837,0.1173536930235014,0.20115137227397473,0.13634178148616902
0.1500278790096581,37.22940530426416,0.03858984597236126,0.06586874165893847,0.11468972105568254,0.1513181581079482,0.1883484705517815,0.21670461414046113,0.15083587248152266
0.1463964811655134,32.01747369763815,0.03578685440082051,0.06481233902486946,0.1153665918454482,0.14510444078142057,0.17794571931084172,0.2171629710418177,0.15235063201694823
0.15887935888255586,9.44141114038041,0.019433384821363888,0.11740916727454058,0.14527995199268684,0.15402573006849785,0.16855280476710402,0.21569614083453412,0.09828697355999355
0.12624166534386638,34.03959499338179,0.036899644981154923,0.06480959602967806,0.09651459172035011,0.11582699336098473,0.15244395827951523,0.21684453068113066,0.1520349346514526
0.11537091894214067,9.453484293409234,0.01944580601920037,0.06484562446175426,0.10140146748825773,0.11392414336872649,0.1284317919775504,0.18158893155913422,0.11674330709737994
0.15344911246506823,11.536365889492302,0.02148149518957403,0.09302319324382236,0.13699001284214965,0.15554997134369125,0.1699079813125541,0.21599726589040097,0.1229740726465786
0.1445526892811287,30.604830727819138,0.03498847280337862,0.06481069072357884,0.11834125811616106,0.14483074893746717,0.17154028039705488,0.2165686586214205,0.15175796789784166
0.10564687129964125,18.01118784565974,0.02684115336244681,0.06480959078780572,0.08598859120936593,0.1006550220724543,0.1191835238530795,0.21422367365939554,0.1494140828715898
0.09843018367843952,20.925444398794532,0.02893125949473651,0.064809575336807,0.07381269206495378,0.09120398772347559,0.11686020115074178,0.2145863522348379,0.1497767768980309
0.15542315183017527,29.364397642679826,0.034272086392678126,0.07881393328143575,0.12537617849053564,0.1612742537384191,0.1831327202440725,0.21670040005846433,0.1378864667770286
0.13024357666433625,25.043360840333552,0.031650188524135876,0.06480963346081138,0.10682615788063933,0.13042846527188762,0.15318813945921278,0.21584616274372484,0.15103652928291347
0.16005738178301962,17.174541206801837,0.026210334760778498,0.07983221609551969,0.14183852800889207,0.1541323002721233,0.17763210652868328,0.2171629710418177,0.137330754946298
0.15792613957918678,7.318786580902091,0.01710998139204376,0.10989532494512783,0.1441025378276019,0.15715833751163988,0.17090495582314968,0.2019662138071361,0.09207088886200829
0.12025074400170371,39.47059173785071,0.0397344141710184,0.06480957483812178,0.08758021500423961,0.11605340451983688,0.145938377890382,0.2140622745387497,0.14925269970062793
0.17051793455911604,15.854929457887597,0.025183271795291094,0.09394298471239734,0.14971269987168662,0.16942605696871627,0.19323945215376792,0.21684453068113066,0.12290154596873333
0.14934454691340127,13.227814320288601,0.02300244710485265,0.10063423474669733,0.12982781533927373,0.14759850415675976,0.1667533183868506,0.20673292820690847,0.10609869346021114
0.1398294346636455,13.348821754489059,0.02310742024068378,0.07633698560579644,0.12616642146891052,0.14197435749152948,0.15400103617132557,0.1892448863184497,0.11290790071265328
0.19734679122684384,6.481692092317842,0.016101791319375423,0.07405546604915926,0.1906374417263366,0.20416699924398599,0.20768338380627455,0.21498972452184764,0.14093425847268837
0.15486745819911718,17.286490747465496,0.02629561997555144,0.06492782045297649,0.1338640062275595,0.15660366007296508,0.17241802282492252,0.21730438787559977,0.15237656742262332
0.1738280156673438,13.016485406514194,0.022817962579085974,0.11332028787139621,0.14964812587495485,0.1749981041811032,0.19433393102658564,0.21684453068113066,0.10352424280973446
0.13004054622132508,26.30917049368681,0.03244020375625702,0.06480959078780572,0.10675696564993169,0.126698845597692,0.15100335615046354,0.2165686586214205,0.15175906783361479
0.16227694286183617,24.534734361381144,0.031327134794858685,0.07360170064256247,0.1360757731303517,0.1634182253241647,0.1883180002050876,0.21730438787559977,0.14370268723303734
0.14948202275024283,14.072208476254524,0.02372526794474998,0.09710991737279379,0.13237991689182788,0.14425518190697104,0.165894749209656,0.21635575297092172,0.11924583559812793
0.15749334827023317,15.490142624361301,0.024891880302107594,0.09730277790684848,0.14106405380847417,0.15450316771637312,0.1702287242498236,0.21684453068113066,0.1195417527742822
0.1231930186186564,13.360058387436217,0.023117143757338376,0.06481976522000514,0.10710162386858148,0.12233788704622026,0.13778775209944377,0.20505326408687702,0.1402334988668719
0.17806120340157136,12.979875517662233,0.022785851327226932,0.10517469552448867,0.1660921923571443,0.1819715927383946,0.19512044808258924,0.2153831627877078,0.11020846726321913
0.10314566225867888,13.605560058946402,0.023328574803400573,0.06480961836627637,0.08330797739278548,0.10148482930239741,0.1212716289042916,0.1890616583337017,0.12425203996742533
0.15280734650254363,4.029477720530405,0.01269563345490158,0.10627488324348035,0.14380946052399796,0.15326134354425006,0.16259650243862453,0.1888990458028111,0.08262416255933078
0.1165593165401443,24.040279752361908,0.031009856337856134,0.0660889758300626,0.09018076572293814,0.10929041753962794,0.1361196213051778,0.21187065748763448,0.1457816816575719
0.168324210348611,13.182681193137272,0.02296317155197624,0.12114675585036665,0.14850855982557257,0.16634271237890869,0.18531523445462297,0.21616062067916308,0.09501386482879644
0.16737140982826249,6.376836051866536,0.015971018817679147,0.10912060485885122,0.15663843285622908,0.16664835625566463,0.17832452132947232,0.21301246250171854,0.10389185764286732
0.1401196202616407,21.658676716205076,0.029433774284794045,0.07451954126691834,0.12571886921155442,0.13646800688798486,0.14887654827706595,0.21599726589040097,0.1414777246234826
0.131059064481426,9.05502760392021,0.019031581756564754,0.07828666895776464,0.11861157588238963,0.1285927823065133,0.14062915896824024,0.2037615343706509,0.12547486541288624
0.13219842480134225,17.0490713119505,0.0261144184786493,0.06495036649067712,0.11402804105266973,0.12919107532676696,0.14903082556481095,0.21009216408357673,0.1451417975928996
0.15008999177255053,19.769113160865643,0.028120535671189228,0.10000360780919586,0.1282446342501426,0.14307007366068802,0.170767978496358,0.21626381575320164,0.11626020794400578
0.14910556488403406,13.707376791657795,0.023415701391722433,0.06616842452994942,0.13528863223231827,0.1468143930465478,0.15988336518618293,0.21684453068113066,0.15067610615118124
0.15093368232528703,31.188543875701473,0.03532055711661495,0.06480965059640628,0.13066461670368448,0.15997471519364048,0.17619615060906516,0.2168718915868523,0.15206224099044602
0.14538877149853732,13.51940849397547,0.023254598249787477,0.06555796826593444,0.1299187099222575,0.1479356996569203,0.1621410216194146,0.21397612828947196,0.14841816002353753
0.1675888125783452,12.57492987235243,0.022427598955173447,0.09531068961009258,0.14999622347831523,0.16453055002550376,0.18636849797695315,0.21684453068113066,0.1215338410710381
0.14868482141059697,23.81020769028909,0.030861113194626724,0.06758874938274896,0.12778039703779234,0.1455830556431161,0.17062736143032164,0.21648802702820935,0.1488992776454604
0.17365305029664352,13.99787695194822,0.0236625247612745,0.10041439626162563,0.16214071924597478,0.17776296130523897,0.19036063887276047,0.21099565894088773,0.1105812626792621
0.20723849171045505,0.49160524634975344,0.004434434558541837,0.1948981419589743,0.20479315338540524,0.20888353546458613,0.21051589165249993,0.212871877641713,0.017973735682738697
0.16516953424676248,12.142414717154985,0.022038525102333853,0.10551821171670926,0.15099822833838783,0.16204900878397208,0.18139432453262114,0.21458152134566966,0.10906330962896038
0.18145510881525617,6.920627620502804,0.016638061931009637,0.14556950482027892,0.16899342401977818,0.1787313006343915,0.1951935852934152,0.21477433193315312,0.0692048271128742
0.12400084491731654,37.39026975804606,0.03867312749599963,0.06606084939109681,0.09120528770964909,0.10791925549612431,0.16009933432495538,0.21684453068113066,0.15078368129003386
0.17193321743301246,14.81355270547733,0.024342187827290567,0.08050351126008581,0.15384584684319377,0.17475928589154588,0.19142480940158602,0.2165686586214205,0.13606514736133468
0.1820718217361078,11.584714027418165,0.021526461880595392,0.13242807404063076,0.16773695858581184,0.18680464250081977,0.19896493394528286,0.2143647932164883,0.08193671917585753
0.1430260038835168,19.15180844923727,0.02767801181388379,0.064811196096508,0.12523027924920777,0.14675570871902674,0.16396684979923845,0.20970293298984977,0.14489173689334175
0.17994543689815026,4.58865741542249,0.013547925915685382,0.13037973132265623,0.17044477523368892,0.17868848125970974,0.1890583628631362,0.21212097504993194,0.0817412437272757
0.16463323731135682,9.798624420496997,0.01979760027932375,0.10005957891838174,0.15176751810521025,0.16137322252717476,0.18014833841860942,0.21412329169076408,0.11406371277238235
0.11122803214524993,21.90920143631557,0.02960351427537992,0.06480957499713208,0.08644359744225756,0.10641964561646895,0.1337737177625609,0.20644774059345178,0.1416381655963197
0.1701571079851137,2.3149804998356527,0.00962284885018081,0.10926317848551326,0.1656949370819478,0.17008818193843464,0.17530760252147085,0.21420738533737627,0.104944206851863
0.17557780221162703,7.480628411855071,0.017298125230041633,0.1180608797378563,0.1638696193108046,0.1769591676473334,0.18837252419355613,0.21592711571273257,0.09786623597487626
0.11006731826141555,13.429790721686407,0.02317739478171471,0.06480957499713208,0.0902820735931624,0.11410558547659948,0.12988502771221996,0.16836469014697988,0.1035551151498478
0.19043881219305786,4.886458352649947,0.013980641405386159,0.13438211126276844,0.18108428190154985,0.1908307826532686,0.20143316650723023,0.21658788285389557,0.08220577159112714
0.15230835221363212,16.81064491520685,0.025931174223476152,0.0821728355760445,0.1335807045961153,0.15076790306561352,0.16956205936196345,0.21636621434660708,0.1341933787705626
0.18421438080505376,7.308126066360879,0.01709751568662638,0.07249016792950813,0.17071831023892595,0.18537008480478243,0.19830908853077417,0.21514457021953068,0.14265440229002255
0.1318694274548316,18.76698863667554,0.02739853181225267,0.07797851984453814,0.10860676660272338,0.12533545868534754,0.15377308794055997,0.20068829218441636,0.1227097723398782
0.16993712000722822,5.0908115622461265,0.014269984670273654,0.1024562572558385,0.16483824065226635,0.17121781045678394,0.1782987037910655,0.2017139309267487,0.0992576736709102
0.1967473212267227,2.7564138885354286,0.010500312163998608,0.16808577569792077,0.19013967913519655,0.19678885254635695,0.20454867659128387,0.21687732972155238,0.04879155402363162
0.14665620207316582,11.737127621068696,0.021667604963233656,0.08382686255604112,0.13169549994385704,0.14895537637617798,0.1610566817501398,0.21128564537456304,0.1274587828185219
0.15950211674741033,12.398972675194216,0.02227013486730084,0.10076461895313871,0.14120412052287554,0.1545619546739531,0.17643656598200952,0.21647258408488743,0.11570796513174872
0.16805290571576534,18.068010046573352,0.02688345963344253,0.09944368272506778,0.14503114473112694,0.1690735174973467,0.19148105404108653,0.21554373236531763,0.11610004964024985
0.1246433425261807,23.79759670985506,0.030852939380133657,0.07129979873656808,0.10315322856253464,0.11035483242615737,0.1410934596318586,0.21730438787559977,0.1460045891390317
0.1091147187815738,13.471996720231154,0.023213786179967416,0.064811196096508,0.09129267022748369,0.10500487110826423,0.12437244814022491,0.19899182936572005,0.13418063326921204
0.18442895404950232,5.506912832880967,0.014841715309061776,0.08695947760500611,0.17469616117497797,0.18645799754493403,0.1947856054281539,0.21485661408656634,0.12789713648156023
0.1611020008513639,4.518577194541719,0.013444072589125246,0.08014747903092388,0.15387397018496382,0.16234181654478289,0.17015110472213124,0.20687205761409727,0.1267245785831734
0.1730298293220447,2.3878441369900383,0.00977311442067479,0.14549747483980582,0.166992946392292,0.17204305617256233,0.17842054104030897,0.1995595904848082,0.05406211564500238
0.13024866895382475,32.33094761602417,0.03596161710269668,0.06481069072357884,0.10176808875762672,0.12522447424844685,0.15670815551154746,0.21648335369549768,0.15167266297191884
0.12259908237719618,19.759062841744704,0.028113386734255053,0.06480957811359196,0.10574836906988748,0.12571781569440732,0.1407403626501958,0.20114575038101673,0.13633617226742478
0.13490771077047964,13.154917876036437,0.02293897807317182,0.08948700294276077,0.11876514202981278,0.1258059831825418,0.14328108176308488,0.21450982924724354,0.12502282630448278
0.14474714189776838,21.05347154200032,0.029019628903209856,0.07051686474956696,0.12294654617518201,0.1462095288218379,0.1657447687897877,0.2077003652522523,0.13718350050268535
0.14048032000834604,13.290166800712598,0.023056597147638764,0.07976837174943603,0.1254119657412914,0.13501844580486852,0.15020522160921682,0.20874161273161862,0.1289732409821826
0.13468210222712157,24.51349508084261,0.03131357218896791,0.07283245386183967,0.11047327509137335,0.1269529699895321,0.15387648747632884,0.21730438787559977,0.1444719340137601
0.12733515082018643,26.32219209606801,0.03244823082762326,0.07771033826846543,0.10187239346082533,0.11645227833975282,0.1477572337784648,0.21485661408656634,0.1371462758181009
0.15942691264593944,22.542243269968832,0.03002814897390036,0.08000097945816612,0.1327110655950003,0.17035261889911563,0.18246708837942932,0.2048505295949713,0.1248495501368052
0.15572554896263288,21.741809719049307,0.02949020835399391,0.06832708038725878,0.13534746395947939,0.15700829611703476,0.17766590721862244,0.21568113160416974,0.14735405121691098
0.14678455726234146,19.93026981918743,0.02823492151162275,0.07383028604388336,0.12538700062298203,0.14418800431017795,0.16504506115101206,0.2165686586214205,0.14273837257753713
0.2015479434353317,0.29267806285058856,0.0034215672599005767,0.19150596626934197,0.19862723969689483,0.2022774987054586,0.20403591606453422,0.20825921356341892,0.016753247294076973
0.1577346314363535,28.9153081422741,0.034009003597444076,0.06545357700380174,0.1265387724945046,0.1667258515781718,0.18567528478395084,0.216733086692976,0.15127950968917425
0.17023896372864106,17.33093589135017,0.026329402493296475,0.10991702563900424,0.1474936561946491,0.16652912798488498,0.19819188175393937,0.21730438787559977,0.10738736223659555
0.14788418613071844,11.018490788952953,0.02099379983609728,0.07981666597296193,0.13427366372599983,0.144198631367062,0.16044091823507672,0.2090392904190688,0.12922262444610685
0.08975906095008836,33.283139554706466,0.03648733454485623,0.06480957483812178,0.06723358406997719,0.07265565947073577,0.09506576601472709,0.21646782562681754,0.15165825078869577
0.14242356721507426,19.68433444999392,0.028060174233239477,0.08509272401707192,0.11989567536770374,0.14038617259641856,0.163843333005629,0.2118913098263259,0.12679858580925396
0.11577092768689788,32.72312278633684,0.03617906731044173,0.06480957596397689,0.0855130461795458,0.10963987424098072,0.1417281719673449,0.21700333070100455,0.15219375473702768
0.18595442559852446,3.4479251899426226,0.011743807201998205,0.156903565986067,0.17695257261670552,0.1852826813504714,0.1953738108683123,0.20976076585497427,0.05285719986890728
0.15535615402190397,18.58710559791029,0.02726690712047136,0.075999804020758,0.1371333699401575,0.15197434497200552,0.17765922351070648,0.21394816539996744,0.13794836137920943
0.1504476233934392,9.506844714248883,0.019500609953792606,0.07751341435734983,0.13777058671495948,0.15021251298530977,0.16474212704967045,0.20628731545711435,0.12877390109976453
0.12041334127340222,11.944947463375984,0.021858588667501826,0.06480963346081138,0.10450565079792799,0.117013936094616,0.1339862950546923,0.19469548938777007,0.12988585592695867
0.1465718376630705,20.75242076439461,0.028811401051940955,0.06948772340360772,0.12372720306672412,0.14625085632300955,0.16850102347399276,0.2082411284460794,0.13875340504247166
0.15874243470980035,23.74597598178312,0.030819458776417938,0.06481972346524413,0.13619027578005302,0.1663379167753002,0.1806472648223937,0.2165686586214205,0.15174893515617638
0.13700935227243813,10.358254338647312,0.02035510190458138,0.06865244265141464,0.12546062492321863,0.13687985375564485,0.14617106212365355,0.21684453068113066,0.14819208802971603
0.16069577762992657,18.826207670452526,0.02744172565306528,0.06481167447928038,0.14662281620970624,0.16598565834066306,0.177437292327738,0.21684453068113066,0.1520328562018503
0.12968646113410517,26.482071192547597,0.03254662574986697,0.06494525490473094,0.10256177269732998,0.12837474855864103,0.15352360321139105,0.21674350836707065,0.15179825346233972
0.17146258136621934,14.490626690372327,0.02407540378923878,0.10044749149222924,0.15731386622054316,0.17701923111613302,0.18969628185982543,0.21357440631356692,0.11312691482133767
0.12391828291212012,33.378834882513694,0.03653975089269969,0.06480970426174482,0.09531122701159596,0.1175181192646883,0.14611704738669923,0.21525357414999344,0.15044386988824862
0.145059891543012,37.070993398470485,0.03850765814664428,0.06674150312820779,0.11044750757855044,0.14323559339394235,0.18057557797131604,0.2140348204415669,0.14729331731335912
0.13656295052878362,26.957762179911374,0.0328376382706865,0.0648690591896739,0.11184043232901313,0.12784007684746032,0.16679786239533684,0.21376590127625172,0.14889684208657783
0.13191433246762166,17.90546237555914,0.02676225878027424,0.06954357857123343,0.11215186525601938,0.13685803511705802,0.1500474816905785,0.1954984018753606,0.1259548233041272
0.17542501537765937,9.852792973429981,0.019852247201191085,0.10507874962433471,0.15983482849615596,0.17551341859535344,0.1905054123099121,0.21684453068113066,0.11176578105679597
0.15137570457326918,23.713881350836605,0.030798624223063342,0.0648356116709156,0.1295851487518417,0.15341327515913328,0.1723120120196872,0.2157160034722124,0.15088039180129678
0.11992830730370571,6.361058081892224,0.015951248329697867,0.06580113472906549,0.11008861951653122,0.11644117861198966,0.12676006850264945,0.1826796614544744,0.11687852672540892
0.12752975191873756,51.43631136999145,0.04535914962606395,0.06480957873036107,0.08136823594546364,0.13350250586771928,0.16310024414428076,0.2165686586214205,0.15175907989105944
0.09008251662002059,19.207245892637665,0.027718041700407092,0.06480957499713208,0.06787627759500671,0.07924799216570869,0.10610702600049036,0.19257958570087944,0.12777001070374736
0.13514063246225239,17.203378815596032,0.026232330293434497,0.07721657762933244,0.11334258328936118,0.1305767117595184,0.15094733769569643,0.21525357414999344,0.138036996520661
0.1421871716144689,43.82339165059932,0.04186807454402427,0.06480958611764007,0.10663281662300822,0.14162943292064617,0.18671723476027285,0.193261226477816,0.12845164036017592
0.1481117171010383,16.100072172648822,0.025377211960850878,0.09732720740860473,0.1286974115462949,0.14083013492800484,0.16545416353605294,0.21684453068113066,0.11951732327252594
0.15027167706575512,10.859308962107454,0.020841601629536494,0.09571948036177695,0.13502594425106768,0.14837573743949853,0.16332515512332332,0.21352265315265886,0.11780317279088191
0.1720531563396104,20.985802968680236,0.028972954953666866,0.07264204971248389,0.15200787623612771,0.17785436260454168,0.194935790234211,0.2165686586214205,0.1439266089089366
0.14364134609661186,20.78481425581336,0.028833878862070127,0.06480988569555128,0.1241821954973897,0.14511122399124274,0.16481767698124244,0.21355903695867062,0.14874915126311936
0.14098763408106044,5.731110785482557,0.01514082003787451,0.06494525490473094,0.13336340164206692,0.14186249579357071,0.15010072751044817,0.2053298206799887,0.14038456577525776
0.1444631046233139,14.526185670882024,0.02410492536464863,0.06917454099324519,0.12727877224082865,0.1403116867198957,0.16146192013897492,0.21655531086237464,0.14738076986912946
0.1700897722371713,12.379682981658817,0.022252804750555664,0.08925209459502872,0.1539832244606867,0.1729338558017816,0.1888095396937825,0.21185972934161168,0.12260763474658296
0.16667678411824283,22.35385818743553,0.029902413405901225,0.06488030289123392,0.14656380985732095,0.16935875413638904,0.1897839880408248,0.21730438787559977,0.15242408498436588
0.17957845207855397,9.523158335629134,0.019517334178241797,0.09966068095941759,0.16611443169775733,0.18387997375378462,0.1942024196025383,0.21684453068113066,0.11718384972171308
0.1464617073295064,37.20663815670316,0.03857804461436746,0.06481509181813373,0.11428146174981524,0.14532532962239658,0.17975633737503074,0.21687732972155238,0.15206223790341863
0.17592329897487147,9.971011423684235,0.019970990384739797,0.10777695308312257,0.1614303639187741,0.17683902825153353,0.1913166334336053,0.21648335369549768,0.1087064006123751
0.12449529033200918,4.163562293169277,0.012905134316494775,0.09484550945304775,0.11490192133916957,0.1245072829489864,0.13403111795669892,0.1910321907533658,0.09618668130031804
0.12222050385785134,15.966416424772254,0.025271657187269893,0.06482977910545869,0.10668267321831507,0.11456348930988053,0.13452314467889778,0.2165686586214205,0.15173887951596182
0.1403409885688947,22.23932135820525,0.029825707943453912,0.08907803907266701,0.11775598459622537,0.12987656855575555,0.1631164765834974,0.21569614083453412,0.1266181017618671
0.12320710195446198,26.55497712493603,0.03259139587371859,0.06480957596397689,0.09793935021195266,0.12619623114899844,0.14434670390000057,0.21569593735525952,0.15088636139128261
0.13728645026112657,32.74422674073315,0.03619073181947729,0.06700208266573743,0.10856493320153134,0.13386036701952697,0.1614291215491279,0.21568113160416974,0.1486790489384323
0.17839955866991666,12.467755972233347,0.022331821217476507,0.08338032596702451,0.16651531139597078,0.18363318706044773,0.194537003751156,0.21616062067916308,0.13278029471213856
0.13281323487844543,16.06693552957853,0.02535108323490618,0.06483320760533712,0.11802744298263093,0.13031794865300753,0.14804891174772028,0.21599319043372264,0.1511599828283855
0.13958753699148374,4.417919216509806,0.013293485948403159,0.09199721035235589,0.13109501014338332,0.14015906242706447,0.14897410472576014,0.18554584646014377,0.09354863610778788
0.1848329980368269,3.5955545313957002,0.011992588596955539,0.14314708014904454,0.1758628275780231,0.1849193704575222,0.19093401781138677,0.2171629710418177,0.07401589089277315
0.12533896776502582,16.305233041841664,0.025538389175389795,0.06487005451304335,0.10793094859497958,0.12424144348103582,0.1403931075287609,0.2025803769837234,0.13771032247068005
0.1529328235945489,28.20108389086731,0.03358635668891004,0.06485593213450971,0.12541552313138768,0.14900999088276498,0.18157547651868206,0.21684453068113066,0.15198859854662097
0.1723310288055088,19.42165703299635,0.027872321060863483,0.0686939682868014,0.15400034662670653,0.17915745317437548,0.19348823272572357,0.21684453068113066,0.14815056239432928
0.13137176432551675,29.605995223280274,0.034412785544492196,0.0649309633349433,0.10366360319035056,0.12247966390692366,0.1551957214269355,0.21684453068113066,0.15191356734618738
0.17319367168511507,15.774050134851814,0.025118957092086298,0.06550367980490567,0.15493228962727512,0.17472281756068256,0.19258127211458362,0.21730438787559977,0.15180070807069412
0.1551616293962519,15.124774300372927,0.024596564231919003,0.07498952265897528,0.13827509498342197,0.15261021445939074,0.16889588822215632,0.21626381575320164,0.14127429309422637
0.15839796335577036,27.7055590621887,0.033289973903377394,0.07721657762933244,0.12985765755877113,0.16601263033914387,0.1894676816662339,0.2042365528672468,0.12701997523791436
0.12335489258165876,24.279224526950042,0.031163584214239568,0.06487169336324092,0.09793476917302098,0.11833474432656094,0.14452516731534307,0.2165686586214205,0.15169696525817958
0.13154598156551722,20.209216650457982,0.028431824880199286,0.06480958611764007,0.11575040263970328,0.14297190658882414,0.1477914275099935,0.21588997185178982,0.15108038573414975
0.13871607205400824,28.91701869703289,0.03401000952486364,0.06483833765809435,0.11286025813197488,0.13481604110279394,0.16735525687043315,0.2165686586214205,0.15173032096332617
0.11079115052076226,44.792720896428264,0.042328581784145926,0.06480957499713208,0.07332688414733986,0.09791605488754583,0.1409439510081652,0.21503470034825922,0.15022512535112714
0.1523599715003464,13.343102884448408,0.02310246989778228,0.07862998488421423,0.13666223660401713,0.15302688093880557,0.16903327013846603,0.21443512093012468,0.13580513604591046
0.12865848765619808,20.29863542827204,0.028494655939857942,0.07037231176647303,0.10500275916603229,0.12302794525229312,0.14601826768395001,0.21092242488942228,0.14055011312294927
0.12357983802978703,4.8644497036743815,0.013949121411292372,0.07748269601331961,0.11336254165052431,0.12175188817753646,0.13207313024227163,0.17666618981105775,0.09918349379773812
0.1889019845271338,6.558712118589148,0.01619717520876915,0.1238119131556315,0.1775894182656701,0.18929646058075653,0.20251182991299888,0.21684453068113066,0.09303261752549917
0.1880071786734235,5.428124959535319,0.01473516197336876,0.11090171012888077,0.18498730430378607,0.18981038666848704,0.19566641371720248,0.21670040005846433,0.10579868992958356
0.13725843086831688,14.367170691208758,0.023972626632230987,0.07055044044863523,0.11956380580082886,0.1338654837977088,0.14954704960066162,0.21588997185178982,0.1453395314031546
0.1375988366871219,21.87907196062385,0.029583151935264673,0.06500424573372067,0.11687830793478012,0.13366628708696873,0.1560524834237639,0.2165686586214205,0.15156441288769984
0.14039779568714508,9.19764418475712,0.019180869828823843,0.0908894839685463,0.12711272276281907,0.1396812899001261,0.15138471269521192,0.21409222232793362,0.12320273835938733
0.09277992426548513,20.626408767826533,0.028723794155944324,0.06480957554993867,0.07119526435606698,0.0850675981454151,0.10609526536378293,0.21374110170974064,0.14893152615980199
0.12292785971280769,66.280327812075,0.05148993214680905,0.06480957811359196,0.07163263418979475,0.10873789819499512,0.17904883043146666,0.21563236710257241,0.15082278898898047
0.15694541664353276,4.764075978742817,0.01380445722039489,0.10307543743045895,0.14815970332648398,0.1561602588254018,0.1654470920053468,0.20963403876703043,0.10655860133657148
0.18514548445271983,3.3318449913626385,0.011544427212058013,0.12892210925447292,0.17810465432905861,0.18787473511221975,0.19403418148484897,0.20391587139837625,0.07499376214390333
0.13760429526664295,8.996790392929894,0.01897028243641079,0.09162807454016467,0.12496780861049227,0.13547210854233657,0.14888613365144623,0.19904658920846977,0.10741851466830511
0.1486423771155501,13.61984470156243,0.023340818067550614,0.08721018481450774,0.13131367875509464,0.1440438888237751,0.16298540963860592,0.21350221291060378,0.12629202809609605
0.18555555901227538,2.1174151945816804,0.009203075995734646,0.1588776781017341,0.17930229559183353,0.18409852602437626,0.19058457803309084,0.21684453068113066,0.05796685257939658
0.15927919997652373,6.280550415824083,0.01584998475182116,0.11909824681113922,0.14757651875728742,0.15784459003245208,0.16919597757140462,0.20766515825433227,0.08856691144319306
0.13943191406960237,12.930877101603588,0.02274280290694495,0.08141940242847216,0.12258326626710585,0.1352981896940103,0.15296299563520913,0.21655531086237464,0.13513590843390247
0.14007841262498744,19.685262775097065,0.028060835892821916,0.08033796450455011,0.11939527809764736,0.13449621153086705,0.15591277978991952,0.21485661408656634,0.13451864958201623
0.17394473456759263,7.005687202017048,0.016739996657128758,0.13586755968310202,0.16012417237595553,0.1739976802986891,0.18810574058581347,0.21639823909488215,0.08053067941178015
0.15742778870564875,37.465036880370924,0.03871177437440496,0.06481334947726951,0.13431123789192945,0.1664076359705108,0.18678498252568454,0.21609562020537187,0.15128227072810238
0.1373928076655926,30.872301174836483,0.03514103081859523,0.07023030865293038,0.10662210767563231,0.13027556245301708,0.16501790937508426,0.21730438787559977,0.1470740792226694
0.16131152700613574,26.256594594096033,0.032407773508277934,0.07129979873656808,0.13668065549225158,0.16766659824171642,0.186978372198574,0.21730438787559977,0.1460045891390317
0.10449853587661294,28.289922880322653,0.03363921692330109,0.06480957657040275,0.07669708487449069,0.09913265978594583,0.12106193476033741,0.21684453068113066,0.15203495411072793
0.12321566295742983,55.832101041843146,0.04725763474480844,0.06480957554993867,0.07698036914996811,0.11643545582293566,0.16538953169769055,0.21730438787559977,0.15249481232566112
0.14860919506002385,22.804070992866293,0.030202033701634264,0.08112814594907261,0.1251016691155853,0.14390234683814077,0.17181367986009405,0.21622081604378443,0.13509267009471182
0.14337558903849057,15.793020094754274,0.02513405665208406,0.09502351249741683,0.12264632074435419,0.1351149748527166,0.15999782283946049,0.21385909191389502,0.1188355794164782
0.17765347179738605,12.288516420527625,0.022170716200003666,0.11280144249854523,0.16401509756485502,0.1797847038472442,0.1951313759354901,0.21684453068113066,0.10404308818258544
0.11177987626233765,16.28336513115705,0.0255212579087764,0.0648112393569759,0.09136980148437417,0.10644701358855546,0.12914957453891873,0.2140602512898379,0.14924901193286202
0.14512881808826017,12.457830598245705,0.022322930451216038,0.09654255641791093,0.13094378799084244,0.14217047190463705,0.15349122107253946,0.21562665262024758,0.11908409620233666
0.1482291187698408,36.3843984421546,0.03814938974198911,0.06480960142600609,0.1201717301931721,0.14903048697578053,0.17852396489004016,0.21684453068113066,0.1520349292551246
0.12636023759334644,39.04254598376832,0.039518373440094075,0.06480957657040275,0.08966930974367542,0.1252554628793553,0.1523183923668837,0.21318507353715682,0.14837549696675406
0.1924930442801259,2.8025115867675945,0.01058775063319418,0.17030734794297991,0.18515791171806414,0.19337088843142933,0.20088685219789454,0.21276139972888217,0.042454051785902266
0.1502242352707409,12.57006879178316,0.022423263626674114,0.10343694923224353,0.13142094472844212,0.14884852582959443,0.15840988365978673,0.21730438787559977,0.11386743864335626
0.1401553196109216,16.76931446683563,0.025899277570492683,0.06480959078780572,0.12152175829394082,0.1448492649866944,0.15902388164516287,0.1979326534161027,0.13312306262829698
0.11946485554470135,19.772197733934732,0.028122729408032027,0.06480963346081138,0.09833365029672374,0.11555005901465257,0.1377664537705381,0.21541579158457316,0.15060615812376177
0.13083247875353018,22.82413127050124,0.03021531483900258,0.0648249082955434,0.10791616416181135,0.13538105237267592,0.15244996593414348,0.2082652688381713,0.14344036054262793
0.11264841460769727,20.666608617452024,0.02875177115758403,0.06480958776273896,0.08566691039542795,0.11780352792979511,0.13677991976193757,0.20544516689957104,0.14063557913683208
0.14526785344774412,13.454225329000007,0.02319847006076048,0.06923945338277378,0.13061149296225313,0.14816854153023934,0.1612754407525452,0.21014124515624044,0.14090179177346668
0.12056854844307376,24.906117624669168,0.031563344325130804,0.0648095766941581,0.09880958217771409,0.11763189745129224,0.14543229210634395,0.21684453068113066,0.1520349539869726
0.11234928261287958,5.953964300049091,0.015432387112885798,0.07026004482138087,0.10392027641883446,0.11009333292180516,0.11737709885461718,0.19918064762467103,0.12892060280329018
0.15691102746133437,36.39425546294479,0.038154556982329016,0.06480957596397689,0.1322556546545984,0.17176722450662701,0.1874591663043356,0.2165686586214205,0.15175908265744362
0.17148348291371124,16.280050797446727,0.025518660464410533,0.09372403831092686,0.15197948766928945,0.1725152159551779,0.1929342465880845,0.21515562793804074,0.12143158962711388
0.1739674060715002,29.020444999946175,0.03407077633394706,0.06505836404883641,0.146665404471766,0.18661925527990797,0.20187636910498477,0.21730438787559977,0.1522460238267634
0.16371409515296623,14.178410258783815,0.023814625975466266,0.0899557292224886,0.14529149134587113,0.1610361460029783,0.18213748306170469,0.21601340258669105,0.12605767336420245
0.1480763933793477,24.824248663515508,0.03151142565071629,0.07262473550093809,0.12132587714425004,0.14974805958494686,0.17338176557415824,0.21211484411701617,0.13949010861607808
0.17365847748985663,2.3748435093775626,0.009746473227537359,0.14476960729618454,0.167681083990762,0.17282307071353978,0.17954910138574473,0.2001585382604416,0.05538893096425705
0.17924407332437073,8.164845056846087,0.01807190643717047,0.1437242715026876,0.16401278528425547,0.18007049768486885,0.19319588081052128,0.21670040005846433,0.07297612855577675
0.13326123536578577,24.643119380841917,0.031396254159273156,0.0648117707178558,0.11090033144523338,0.13522346372630473,0.15630367145590124,0.21515562793804074,0.15034385722018495
0.14580525101773287,25.023073467594656,0.03163736617836235,0.06481020742037061,0.12091412417309892,0.14777716735652444,0.17090556205049703,0.21424047546451463,0.14943026804414403
0.13297094667739986,22.115722459449252,0.029742711685015712,0.064809575336807,0.11123576579975208,0.13800920477243578,0.15674537905691868,0.19942470815483623,0.13461513281802923
0.13001911008849026,22.525639068294034,0.030017087845621553,0.06481020742037057,0.10693545484235421,0.13041766571752078,0.1538413071034392,0.21385698668445263,0.14904677926408208
0.18161365797101836,9.04664096025777,0.019022766318553957,0.11288602050481171,0.17385103990344727,0.18425785932845135,0.1962409509254259,0.21609562020537187,0.10320959970056018
0.17538109773248395,9.70881728484949,0.019706666166401144,0.0973532416598274,0.16123510508651456,0.17685241358688913,0.1906843925922593,0.2170206213940003,0.11966737973417291
0.14765829684450163,19.05901259048931,0.027610876545658098,0.07749849906871019,0.12979157883638565,0.1445461012742947,0.16560056858786149,0.21730438787559977,0.1398058888068896
0.1697311855486718,20.537112978061142,0.028661551233707602,0.10045670846522758,0.1454465267616836,0.17119481680044812,0.1951322146768219,0.21599726589040097,0.11554055742517337
0.14199745938108344,36.45148218815732,0.03818454252084595,0.06480959078780572,0.11450697680196492,0.14563705220989998,0.17077837957665484,0.2155451040210863,0.15073551323328058
0.132663117811531,21.86073099913888,0.02957074973627749,0.07544599092721083,0.11033719596957826,0.12150653427988488,0.15128051471988055,0.21636621434660708,0.14092022341939625
0.14170162312001633,33.555588705799536,0.036636369201,0.06480957596397689,0.11379081449011737,0.1492877818897276,0.17141449571215486,0.20916536134561917,0.14435578538164226
0.14484749403763922,21.80390165153057,0.02953228853409811,0.06502331155803545,0.1230931536481814,0.1433986542918586,0.16750823497163655,0.21241644445375493,0.14739313289571945
0.17162273527234193,3.6313734112377487,0.012052175589888739,0.13875548277474317,0.16389441344559214,0.17176494229063333,0.1801800340546836,0.20830939195465642,0.06955390917991326
0.16500530762254698,23.732529982937773,0.030810731885456907,0.06486493923734,0.14617883430791134,0.167275005093957,0.18897950565051572,0.216733086692976,0.15186814745563598
0.14070255296370568,8.311585473578617,0.01823357943309938,0.0926450201831936,0.12873408276086418,0.13896089575621737,0.1505555950461955,0.21057448123431544,0.11792946105112183
0.14410515109068037,23.772637157611324,0.030836755443860383,0.08553116840872084,0.11833434697206047,0.13906111873390634,0.16464457571683466,0.21419632403159522,0.12866515562287437
0.11754856577371418,15.945220216932487,0.02525487692857163,0.06480963346081138,0.09933242858770887,0.11593579833485111,0.13389016195467118,0.20735142299999573,0.14254178953918437
0.15383455041608718,26.58776529617987,0.03261151041959257,0.06481069072357884,0.13509246009854894,0.16092294536713686,0.17897010826432236,0.21069708562116038,0.1458863948975815
0.17878553537241584,13.626930725252567,0.023346889064929027,0.11613603044827918,0.1607896329066147,0.1822811129902273,0.19846928779140294,0.2165686586214205,0.10043262817314133
0.16299200458769839,11.198907309761424,0.021164977968107054,0.09908439110273702,0.146896805607625,0.16212187204967216,0.17681511315333248,0.21730438787559977,0.11821999677286275
0.1669343057962033,13.584741158233205,0.023310719558377605,0.08349368221584762,0.15199732757777148,0.1654088869265052,0.1845667433196035,0.21407756492078783,0.13058388270494023
0.1374489536833879,35.415219254309456,0.03763786351763843,0.06480957596397689,0.10824703943649944,0.14143816704482576,0.16573534194695208,0.21670040005846433,0.15189082409448743
0.11181134387813949,25.869859064018215,0.03216821976051408,0.06481020742037061,0.09027859658300262,0.09910114060364773,0.12315601507506226,0.21155199579825407,0.14674178837788346
0.1623653568485769,39.734673879878926,0.039867116213681136,0.0648096187583643,0.1347010910449486,0.1750238341268028,0.19356640194837194,0.21691774545114684,0.15210812669278254
0.11866608085198546,4.584628713244961,0.013541977275486708,0.07886129213740613,0.10938178996568713,0.11785693374601668,0.12667343882726348,0.20366180726340719,0.12480051512600104
0.15142138925009663,17.53630086860831,0.026484939772337266,0.08791569392829333,0.13537575083134384,0.15235595068613933,0.17247186448856922,0.20476818883433368,0.11685249490604034
0.1033814095775604,7.573090615976875,0.017404701222344353,0.06480963346081138,0.09010419782850335,0.10303674901441576,0.11618216794095657,0.1628802422356888,0.09807060877487742
0.1329343143105702,17.5895505899388,0.026525120614194233,0.07285647037334722,0.11371705237339234,0.12818629519039637,0.14792907489829268,0.21609562020537187,0.14323914983202468
0.1064267781590206,38.38488823583109,0.03918412343581573,0.06480957487100422,0.07391968417366515,0.0904537725487198,0.13482405423362193,0.21730438787559977,0.15249481300459555
0.14954429214888706,12.823104160203687,0.02264782917650492,0.08838174870858004,0.1369449906197041,0.14669506653741374,0.15961598011915587,0.21563236710257241,0.1272506183939924
0.16428035456093665,14.198998304482474,0.023831909956595988,0.12072401507626299,0.14305374708233645,0.162805212289567,0.18466816101422023,0.2165686586214205,0.09584464354515752
0.13578697717722246,21.284337838073014,0.029178305528644404,0.06873413965583677,0.11213506462441386,0.1332055614574411,0.15790848101983332,0.2165686586214205,0.14783451896558375
0.1554577489172013,31.887959814840528,0.03571440035326956,0.06484377551756326,0.12928603081893994,0.16229944138292288,0.1833472856727726,0.21636621434660708,0.15152243882904382
0.13285116035303554,15.690457136856226,0.025052310980710923,0.07247177112171108,0.113740686903446,0.13005975917103077,0.14717000603536165,0.21495475301364309,0.142482981891932
0.1466822951960865,17.14720443089489,0.026189466913929264,0.06481020742037061,0.1294284575142259,0.14639920078524205,0.16309971659292075,0.2149923172305522,0.1501821098101816
0.13855844485111563,29.580191660643926,0.03439778577795026,0.06948772340360772,0.10855699401562195,0.13415717046338602,0.16489471927493904,0.2165686586214205,0.1470809352178128
0.13241973365226756,42.63349545123359,0.04129576029145539,0.06480970426174482,0.09616659504364448,0.1318926043882039,0.16616920405550067,0.21664757377671082,0.151837869514966
0.15253175101727198,24.2244400501543,0.031128405066854485,0.06935714345201267,0.12737819838192788,0.1514557815705842,0.1769890373671936,0.21609562020537187,0.14673847675335921
0.1943605983207564,5.449118553698895,0.014763629030423237,0.08930541551690842,0.1920290111299121,0.19741440376572714,0.20170902400899726,0.21211484411701617,0.12280942860010777
0.146931894640453,21.346778801155825,0.029221073766140644,0.06492353567348783,0.13026245175021833,0.1487426981308139,0.16540835587420247,0.2153278274749608,0.15040429180147297
0.12270138100211957,23.67939054877978,0.030776218447872886,0.0648112393569759,0.09873447519950303,0.12027568917125298,0.14387485788462606,0.20363607815636806,0.13882483879939217
0.1659548121617137,15.570104535957656,0.024956044987904356,0.0879740019429642,0.14751177266206528,0.16607989410553556,0.18623586970547507,0.2152399444493194,0.1272659425063552
0.11910841214724442,19.135623286107737,0.027666314019838448,0.06480968682603984,0.09823984296681065,0.1155347743080005,0.13960530604275723,0.2102189307771914,0.14540924395115154
0.12556267483087893,16.87219351414091,0.025978601589878476,0.06480966993935254,0.10524915351956712,0.13250955380168103,0.14711144321293193,0.17655150176630519,0.11174183182695266
0.15513923012431208,10.032079119888802,0.020032053434322506,0.07257007301295416,0.14426370034685054,0.15390854728821976,0.1658161357987369,0.2133773507076222,0.14080727769466805
0.15400959588688742,23.724797003789636,0.0308057118105001,0.09606715282624911,0.12725934314219817,0.14665073025559425,0.17984855072718417,0.21684453068113066,0.12077737785488156
0.17557332668707828,9.350574308412606,0.019339673532314455,0.11661264440627014,0.16166379775561582,0.17478106014228564,0.19123026547666597,0.21241644445375493,0.09580380004748479
0.14642288166849898,16.748655150949897,0.025883319069199683,0.08810808080537103,0.1263047632240676,0.14297252743292208,0.16028453692171457,0.21626221845568613,0.1281541376503151
0.14381037157835963,14.250596701147897,0.023875172628609744,0.06536385130820906,0.1287300309787633,0.1433176313003439,0.15938573321866484,0.20752743485129674,0.1421635835430877
0.15374985917772183,22.517503089626487,0.030011666457980295,0.06637690101887368,0.13005095373766032,0.1498951188388974,0.17871955260993422,0.21637654107320722,0.14999964005433353
0.10452059713751927,10.729352139098443,0.020716517216075144,0.06482305492963845,0.09083170504124406,0.10044518921695064,0.11259787556716139,0.21403338866883365,0.1492103337391952
0.1251134431631778,24.923774060360422,0.031574530280186544,0.06483303506886531,0.10169599253073697,0.11666648656080415,0.14221634192238172,0.20607742064153012,0.1412443855726648
0.2022339282398231,0.8809380881141368,0.005936120241754329,0.1831392367102884,0.19954815450788424,0.20378015079286033,0.20627727503637255,0.21169499328646293,0.028555756576174537
0.17080920089976334,15.884309826113368,0.025206594237312873,0.09726871321173672,0.1527084571815831,0.17596167663975598,0.19087559621461722,0.21409222232793362,0.1168235091161969
0.16343442528434174,10.004452630885794,0.020004452135348065,0.0815031761477615,0.14717752799917794,0.16076837344537775,0.17746528727274344,0.21485661408656634,0.13335343793880483
0.18724382829985606,4.923528745884105,0.014033572240714914,0.1485160109359894,0.17661825480159604,0.18597104430753458,0.19717243413986651,0.2170206213940003,0.0685046104580109
0.14862983869065882,29.626436325926402,0.03442466344115881,0.0648219086692329,0.12432860435428582,0.15024010686489522,0.1757496309365191,0.21609562020537187,0.15127371153613897
0.13559859174278932,8.786012016150993,0.018746745868177754,0.08131220240894507,0.12003494536677274,0.12775555836923577,0.15396862915881132,0.19127809079028452,0.10996588838133944
0.1953241841267445,2.2764739691004836,0.009542481792700437,0.15119011584568426,0.18994328437218885,0.19642274243133134,0.2022148989632044,0.21257981560797184,0.061389699762287565
0.09816129248863434,17.16216340071407,0.026200888077096984,0.06480966993935254,0.0741873453529511,0.09625367537734433,0.11640733374781319,0.19079089387320364,0.1259812239338511
0.14525241284830476,20.997475779447942,0.028981011562364718,0.06481020742037061,0.12507483291637306,0.14998490957552663,0.16785703746248176,0.21635575297092172,0.1515455455505511
0.15133421781745174,23.381975478715017,0.030582331813460543,0.06487053346268895,0.13506601458849968,0.1472137135145764,0.16799219003122795,0.21730438787559977,0.15243385441291085
0.12819806593658778,25.41219065091665,0.031882403078134905,0.06480957499713208,0.10476600068627515,0.13095191726806737,0.1491375143407405,0.2128406198698746,0.14803104487274255
