0.12051060204382585,18.305826669477018,0.02705980537215818,0.07225202444927792,0.10207834972182456,0.1106604071892237,0.13228254440869824,0.21525357414999344,0.14300154970071552
0.10641360279326736,18.866277754308715,0.02747091389401431,0.06480958776273896,0.0870663393538741,0.09921645650092441,0.12022706230776932,0.2165686586214205,0.15175907085868157
0.1304193638261343,23.81213149596999,0.030862359920116277,0.06485525150196714,0.106888434454708,0.1280161422773842,0.15355371836845083,0.20040457179240628,0.13554932029043915
0.15536488384940597,37.702339218052295,0.03883418041779808,0.06625467596355814,0.12132238919645402,0.16536262602955584,0.19014327265576011,0.21483645568845527,0.14858177972489714
0.15745620403652055,10.540106191190576,0.020533003863234988,0.0814028892991725,0.14668647169094606,0.15819099139831885,0.16906635378288642,0.21605329943458512,0.13465041013541265
0.13679148082381454,29.938910710266633,0.034605728260082395,0.06785228559112919,0.10748082511032439,0.1302543761713421,0.1667839105836321,0.21684453068113066,0.1489922450900015
0.17664886409033817,10.824206991759862,0.02080788984184592,0.10267914311033968,0.16088394074919307,0.18077323262002482,0.19333498580223743,0.21224208699145491,0.10956294388111525
0.13435706558010746,14.57844967054704,0.024148250181366796,0.06534635374433292,0.11841380381120738,0.13751724537930202,0.15064381635146545,0.20117158351584397,0.13582522977151104
0.12692434240387265,18.651765885776747,0.027314293610325526,0.07019842295941857,0.10663319762885447,0.12355117412910532,0.14217950626617715,0.21389517361065324,0.1436967506512347
0.1468954261568277,20.822700072975742,0.02886014558035059,0.06694344097342246,0.12908504987170036,0.1350180387034169,0.16453640472983533,0.2165686586214205,0.14962521764799805
0.12861046422667174,23.341537719006343,0.030555875192182825,0.06480959078780572,0.10178421837186155,0.1347236502455517,0.15340112396915168,0.212619843285246,0.14781025249744026
0.15827244897371961,22.97363486482222,0.030314112135981962,0.06714493284834851,0.1335065135846957,0.1579544542608569,0.18406864266383577,0.21730438787559977,0.15015945502725128
0.19530763739325474,5.77735445130634,0.015201782068305466,0.06508716631849937,0.1905492222128594,0.1983292390158853,0.20522392139102597,0.21730438787559977,0.1522172215571004
0.1394763111733679,16.07746549934438,0.025359389187710635,0.07059533947109277,0.1236079448636329,0.13851754430679641,0.1539723225901552,0.21644077264369746,0.14584543317260468
0.11992049585522917,23.208783430441198,0.030468858482352895,0.06494747549785716,0.09878905722043928,0.11112794969990811,0.12904796194009613,0.2171629710418177,0.15221549554396052
0.14243975158847438,15.934034475045035,0.025246017091846415,0.08223579187594046,0.12240232105991279,0.13670584863096047,0.15716894355046693,0.21376068301469725,0.1315248911387568
0.16190248193308482,18.686008046355667,0.02733935481781212,0.0732611113169561,0.14349135122892595,0.16576172562706895,0.1840518650450657,0.21684453068113066,0.14358341936417457
0.16864500459513307,8.147378003949878,0.0180525654730289,0.08778363190536802,0.1562649746843828,0.16997824625100144,0.1807343611586657,0.2150220790523287,0.12723844714696067
0.10944773544029517,33.49192384473471,0.03660159769449126,0.06480963346081138,0.07976215946487931,0.09876508699293174,0.13122519855099232,0.21684453068113066,0.1520348972203193
0.17618760588293222,9.124866901503642,0.019104833840160602,0.12673573499689036,0.16380738552765614,0.1779905262593717,0.189926325374604,0.21670040005846433,0.08996466506157395
0.14378213881967986,35.13987115855648,0.03749126360023438,0.06489135001315008,0.11165750478639598,0.14818408665727092,0.1754729253198504,0.21730438787559977,0.1524130378624497
0.10078900615720622,13.933893031979766,0.023608382436736124,0.06481289649088737,0.08673511494153871,0.09527636521483648,0.10631369606459057,0.21562461373495173,0.1508117172440644
0.1667627513197395,13.956673850528063,0.02362767347880706,0.09714956585572225,0.14955196990007905,0.16443506052908852,0.18802755645175173,0.2170206213940003,0.11987105553827805
0.12599796641414324,21.457120849738907,0.029296498664337967,0.064809599822405,0.10431824224557812,0.1303301146761298,0.1525980200276547,0.20952472553361953,0.14471512571121453
0.17046127701676575,17.552072637987678,0.02649684708638949,0.09849221001506867,0.14763422403983634,0.1752651440668747,0.19299945832523102,0.2165686586214205,0.11807644860635184
0.11086626731200604,4.738132089408014,0.013766818208152549,0.06781793319601291,0.10288739434964358,0.11258758935585683,0.11912979747757627,0.19505806096868503,0.1272401277726721
0.19872440374198708,0.8896857922083946,0.005965520236185255,0.18696653175764333,0.19428976276920137,0.19877922341720322,0.20266080994792804,0.21287069302712902,0.025904161269485703
0.17352290930819345,2.3398131685445342,0.009674323063748769,0.1252804053526129,0.1665898003192711,0.17323503784160266,0.18045949487194549,0.2084181243214277,0.08313771896881482
0.12012470336718188,32.57651302625236,0.03609792959506257,0.06480957811359196,0.0866317199804758,0.11735425636303753,0.149986661482151,0.20273686499402957,0.1379272868804376
0.12235154640976298,18.664184070998687,0.027323384908168817,0.06497150912020265,0.10267914595683414,0.11130162123749301,0.13651611635768313,0.21514457021953068,0.15017306109932804
0.11579827003829614,30.89925514725056,0.03515636792801586,0.06481509181813373,0.08981386507083533,0.10090068199331688,0.13828043301523052,0.2165686586214205,0.15175356680328678
0.14690913908902026,31.76592050933869,0.03564599304793664,0.06490831969358929,0.1204082298203343,0.15332692296449288,0.1716818997237879,0.21609562020537187,0.15118730051178259
0.12278531309519665,41.693741699203706,0.040838090895243234,0.06480957499713208,0.09027313800921766,0.11042304087656889,0.16094029835135837,0.2170461949371302,0.15223661993999812
0.19573261108300544,4.040227402485898,0.012712556631120111,0.13751870956290396,0.188259708227114,0.19857461968767617,0.204027611815524,0.21397612828947196,0.076457418726568
0.18958170073200523,3.1327047201403446,0.01119411402504074,0.1297056399145069,0.18532912541822014,0.1903566879823212,0.19490722271396382,0.2165686586214205,0.08686301870691361
0.15512868636190477,11.566079389923793,0.021509141675040214,0.11182842144040402,0.13956996530405286,0.14567620398476458,0.16864668795150414,0.2165686586214205,0.1047402371810165
0.11771837621514196,24.6734089791962,0.031415543273479264,0.06483303506886531,0.09581038003561178,0.10861085328342539,0.12952497792663784,0.21684453068113066,0.15201149561226535
0.11841077147640293,16.063792299036546,0.025348603353271,0.07647963510803225,0.10010797121153152,0.11217542701496538,0.1318248578894564,0.19949533358233912,0.12301569847430686
0.15879885736219299,16.917512085495144,0.026013467347122447,0.07321121400576623,0.14266801767766032,0.1592182291198946,0.17652451771244282,0.21616062067916308,0.14294940667339684
0.14564699246584586,24.850747565641683,0.031528239764149014,0.06485593213450971,0.12205155835445845,0.14651747872924875,0.17107839383742307,0.2165686586214205,0.1517127264869108
0.12176095438224853,21.24209302795316,0.029149334831486743,0.06484228735201618,0.10262423441328752,0.11349854058502777,0.1258670677991347,0.21684453068113066,0.1520022433291145
0.13378381650017412,25.92718911843756,0.03220384394350312,0.06800393674061521,0.10877869501774734,0.12682340510627754,0.15554567182213427,0.21487942283139885,0.14687548609078363
0.18444683309206128,5.27514732513206,0.01452604189052484,0.06484124790509904,0.17732375058655528,0.18499283959715346,0.19433996236410206,0.214356705803002,0.14951545789790296
0.15745620403652055,10.540106191190576,0.020533003863234988,0.0814028892991725,0.14668647169094606,0.15819099139831885,0.16906635378288642,0.21605329943458512,0.13465041013541265
0.1844623052179294,2.9553544438753776,0.010872634352125298,0.15851717027126272,0.17582254192987154,0.18286610060237152,0.19336384267948153,0.2160596714715908,0.0575425012003281
0.14977795719690215,9.16658760330044,0.01914845957595591,0.1013655398415569,0.13484556325627076,0.14839576067519866,0.1638092531500421,0.21644077264369746,0.11507523280214056
0.1510291631100143,16.964404056235143,0.02604949447205081,0.09181480970656009,0.13076198874973835,0.1515320352560756,0.16749433870067731,0.2165686586214205,0.12475384891486042
0.13061383775883686,16.398746445710728,0.025611518069580126,0.06591970066603059,0.11589943292954204,0.12259432340267294,0.1316248428812936,0.2153617223145593,0.1494420216485287
0.15817670670460068,25.442684502876663,0.03190152629757809,0.07407069160125093,0.13504827286925403,0.15611039266566817,0.1846283460031448,0.2161141957802606,0.14204350417900968
0.15559011996806738,30.668933503642684,0.03502509586204879,0.07505944881614923,0.1278442868280856,0.1596237362210393,0.18272561187249622,0.2165686586214205,0.14150920980527126
0.1291442497432566,30.274850044430547,0.03479933909971886,0.06633681596595734,0.09958991752903909,0.12246467431860772,0.1564677627237721,0.2171629710418177,0.15082615507586036
0.17322142087669992,28.14895962705843,0.03355530338236174,0.06603898289364978,0.1593613779497622,0.1849356390966722,0.196362406957193,0.2170461949371302,0.15100721204348044
0.14387436170834567,14.41323131845563,0.02401102356706655,0.07653682749937528,0.13026245175021833,0.13809119928290545,0.15376109601932053,0.21562461373495173,0.13908778623557647
0.16896497469471286,17.66158274805404,0.026579377530750445,0.08861607683053284,0.14738662550320228,0.16991199518267996,0.19014684711835733,0.21730438787559977,0.12868831104506695
0.15022462900842334,18.694516687866134,0.027345578573411928,0.08508187062687207,0.13030779819930344,0.14705965857120523,0.1722183833450527,0.21584711173922544,0.13076524111235335
0.13791245751391354,6.197329113138472,0.015744623352927145,0.10890530100697866,0.128536452323312,0.1341890873474521,0.1408944297786825,0.19552690048489293,0.08662159947791429
0.14550404219438207,12.219455824537288,0.022108329493236066,0.06488588873207875,0.12997178561986802,0.13912298677785465,0.16038070941845983,0.216733086692976,0.15184719796089724
0.12861046422667174,23.341537719006343,0.030555875192182825,0.06480959078780572,0.10178421837186155,0.1347236502455517,0.15340112396915168,0.212619843285246,0.14781025249744026
0.12956575219820715,24.779778412669756,0.03148318815664624,0.06480966993935254,0.10723181944849261,0.127808098486351,0.15368679444093336,0.2069703943884638,0.14216072444911126
0.17809981487644094,11.795422381480005,0.021721346534209162,0.12034926687493062,0.16138507057240972,0.17963670051486125,0.19749392399862045,0.21636621434660708,0.09601694747167647
0.15861101461777843,17.415292850512806,0.026393402850343344,0.08726516071457598,0.1400050062072685,0.16111475220681357,0.17660035916898686,0.2170206213940003,0.1297554606794243
0.14204529656740766,50.00903723671645,0.04472540094251429,0.06917454099324519,0.09308996721963658,0.14382476609535283,0.18543703256185254,0.2086637654403945,0.1394892244471493
0.1394042756523495,28.92469601100532,0.034014523963157454,0.0649760898814166,0.11367067709541155,0.13385924369342292,0.1636271499339271,0.21618628116693436,0.15121019128551777
0.13556912122531822,31.571857493590844,0.0355369427461569,0.06715929107413979,0.10828264606233899,0.12492112395567986,0.1631261395042475,0.21684453068113066,0.1496852396069909
0.16531752604078087,13.021529169422552,0.022822383021431,0.1100205000684044,0.14769150718074653,0.16887187820568172,0.1830332405168816,0.21030909045998306,0.10028859039157866
0.17380774313588834,16.16907918218922,0.025431538830506674,0.08854959965007386,0.152312926671452,0.17427485724223574,0.196967610813137,0.21730438787559977,0.1287547882255259
0.19664247839341598,2.8040232785952037,0.010590605796828063,0.1476293592403264,0.19165457363879926,0.19780709833063717,0.20436839813938582,0.21684453068113066,0.06921517144080426
0.1667627513197395,13.956673850528063,0.02362767347880706,0.09714956585572225,0.14955196990007905,0.16443506052908852,0.18802755645175173,0.2170206213940003,0.11987105553827805
0.17974666922398985,11.476211540761618,0.021425416253376846,0.09627593281142359,0.17123262558848285,0.18226368697039078,0.19318890399900954,0.21609562020537187,0.1198196873939483
0.14457746432593735,20.431725672108076,0.028587917498207577,0.07560881563195189,0.1232794766390538,0.13359906676847805,0.1639629177929429,0.21670040005846433,0.14109158442651243
0.1736066840339079,12.798645803999403,0.02262622001484066,0.08781955558502458,0.1587111055986011,0.17549323026424343,0.19052976761248444,0.21700333070100455,0.12918377511597998
0.1680811052103334,11.030482704645157,0.021005220974457908,0.11232431044401839,0.15742568761221407,0.17298034895738143,0.18392020162800465,0.211022311868762,0.09869800142474361
0.12623610562845783,26.841505895000523,0.032766755039216514,0.06544127719008949,0.10185434738810914,0.11709881930453041,0.16005661603262394,0.20759209734203862,0.14215082015194913
0.12672382570642118,14.022498665487257,0.023683326341953956,0.06565851629521265,0.10765264265283665,0.1237764263887565,0.14763318110398485,0.20572557405719974,0.14006705776198708
0.1558868237535085,26.47911606655526,0.032544809765340625,0.07483936039950471,0.13002887395836088,0.16076114031145952,0.18344235918074686,0.21682904937479672,0.141989688975292
0.1167216886721272,7.9683756780806405,0.017853151742009746,0.07539562907485457,0.10478806397326025,0.11676437029373771,0.12569242609979853,0.20995916783300989,0.13456353875815533
0.18515556563258406,12.129638065143503,0.02202692721660786,0.08998655267321938,0.17461443944299296,0.191561814076793,0.20057789814408253,0.21684453068113066,0.1268579780079113
0.1284687338551454,17.33808955373123,0.026334835905113388,0.07511816299218761,0.11031080102647044,0.12067602805881725,0.13786957580416911,0.21691774545114684,0.14179958245895924
0.12683671471309035,24.946344754722297,0.03158882381775067,0.0648453084772696,0.1024541347015544,0.1231873717270447,0.1453819213214871,0.21684453068113066,0.15199922220386106
0.17844531834338806,6.630315289327972,0.01628534959935214,0.08933186262382661,0.17072888924150437,0.18023912869610495,0.18785542685075698,0.21684453068113066,0.12751266805730405
0.1423881878278957,9.089857414666215,0.01906814874566088,0.10878736986197393,0.12962605786319098,0.13791606237440407,0.14787874444772653,0.21700333070100455,0.10821596083903064
0.18236834430735052,9.594231663595304,0.019590029773938887,0.10445372087206417,0.1719185130655538,0.18580356864056138,0.1964006693122074,0.21557549125666756,0.11112177038460339
0.15909212801921277,12.645095883716303,0.02249008304450324,0.06500424573372067,0.15021048925288571,0.1627327797793355,0.1713534626237373,0.21730438787559977,0.15230014214187912
0.12623610562845783,26.841505895000523,0.032766755039216514,0.06544127719008949,0.10185434738810914,0.11709881930453041,0.16005661603262394,0.20759209734203862,0.14215082015194913
0.09642107943769206,25.108601244206586,0.031691387627686224,0.06480965747912779,0.07874266550711988,0.08360968386191218,0.09639061820395084,0.21730438787559977,0.15249473039647202
0.15028853111524348,6.6308113594428075,0.01628595881051258,0.11016703415131592,0.1396947037937794,0.1473535025484654,0.15577426036849842,0.21325936614936888,0.10309233199805296
0.14243579948317084,27.94169694854715,0.03343154016706209,0.06555796826593444,0.11735367891380316,0.1359819655399017,0.16765048611598352,0.21658788285389557,0.15102991458796114
0.15654955962250489,31.163549303308244,0.03530640129115866,0.06532403861639868,0.1294116962025773,0.17217293587395754,0.1861104977619338,0.21700333070100455,0.15167929208460587
0.10182786680537358,19.099763316415093,0.027640378663408422,0.06480958431123167,0.07651855124673679,0.09971076944497079,0.12277638895870324,0.19666472090826725,0.1318551365970356
0.1367062049085792,30.078044191309452,0.034686045719458686,0.06480959078780572,0.11100038858368455,0.13477055673493316,0.16268751502300288,0.2171629710418177,0.15235338025401196
0.1588401965131325,5.746215703885864,0.015160759484782895,0.10412344807683345,0.14905758485710782,0.1585215905897374,0.16921057212254165,0.20444100166462775,0.10031755358779432
0.16061306408872922,16.650374951572775,0.025807266381058475,0.06480957657040275,0.1443759068719789,0.1635540120780789,0.17949880853986183,0.21684453068113066,0.15203495411072793
0.14146648380558702,45.64955905772575,0.04273151486092004,0.0654518730479581,0.10121302652608113,0.13878667079778143,0.18197381850698705,0.2165686586214205,0.1511167855734624
0.11525615338749857,34.46524006606021,0.03712963240650799,0.06480958776273896,0.08468108583801476,0.10933824475443878,0.14089360796234732,0.21730438787559977,0.15249480011286082
0.14991866909304888,17.8270840355338,0.026703620754896743,0.08827600221128809,0.1276147509368263,0.1472220529167724,0.16684365775855542,0.21730438787559977,0.1290283856643117
0.1968080649036688,2.768395871493864,0.010523109562280274,0.16808528607911144,0.18961244134156016,0.19781513918885207,0.20516824714977297,0.21687732972155238,0.04879204364244095
0.12235154640976298,18.664184070998687,0.027323384908168817,0.06497150912020265,0.10267914595683414,0.11130162123749301,0.13651611635768313,0.21514457021953068,0.15017306109932804
0.1605271834286475,27.234377554783638,0.03300568287721594,0.07521357208969238,0.13347843869488904,0.16660954967692138,0.18864846550886002,0.21684453068113066,0.1416309585914383
0.13568914804092064,34.37465778288965,0.03708080785683594,0.06574586513235481,0.10339931954089583,0.13417768740964298,0.16690066996805863,0.21514457021953068,0.14939870508717587
0.099415423704948,13.245150242943065,0.023017515281144544,0.06492248961440175,0.08322285346856592,0.0920133213604498,0.1100999689749533,0.20787382980024843,0.14295134018584668
0.17459347170631637,5.132857426854986,0.01432879258954499,0.13078229321629004,0.16440700331679037,0.17612374034066866,0.1847653695212021,0.2103998041114572,0.07961751089516717
0.17917593989918365,4.028066314893608,0.012693409809651002,0.1487334266262378,0.1700443492991044,0.17845307077129957,0.18812361118028093,0.20777543828794945,0.05904201166171162
0.1829398786814106,18.061032871266097,0.026878268449634993,0.07346364309029814,0.1726506715468413,0.19153123365730873,0.2015309001255897,0.21730438787559977,0.14384074478530165
0.12502854430657892,16.831734571483285,0.02594743499576271,0.06882050984196136,0.10666707945586083,0.11762122460954948,0.13739051081217551,0.20186588940881323,0.1330453795668519
0.11458089278450705,19.008139683140342,0.027574002018669934,0.06481460377962754,0.09412101473618548,0.10729009160899514,0.12771860271744911,0.2155206022436589,0.15070599846403138
0.15472442607002002,10.612793899457182,0.020603683068283866,0.1024562572558385,0.13891451085452858,0.14922289326315225,0.1668746855073679,0.21487942283139885,0.11242316557556034
0.15339854077099963,8.720206702900898,0.018676409401060898,0.09265656298279501,0.1420905191460704,0.1539339858150921,0.16479188857951518,0.21326064606997347,0.12060408308717847
0.16119214061278156,24.028673456574328,0.031002369881397346,0.07039843156614603,0.14057468726111105,0.16002714362912385,0.18596286710557455,0.2170206213940003,0.14662218982785427
0.1764720651939162,5.9648229145809495,0.01544645320399599,0.12070907016063964,0.16755965481790053,0.17444434011379592,0.18342222655024654,0.21684453068113066,0.09613546052049103
0.11371395946371893,22.963308027410665,0.03030729814906678,0.07010092843521037,0.09642183199266224,0.10383929408129561,0.1150303471085799,0.2016496257986195,0.13154869736340913
0.18054826872664154,7.494876158874359,0.01731459056272987,0.1282955804104509,0.16851428869627882,0.18241494293278446,0.19290936344788126,0.21687732972155238,0.08858174931110148
0.17139567284804205,13.409888263115427,0.02316021438857199,0.10340002426956485,0.15395324381627795,0.17003313727645225,0.19008090572124306,0.21684453068113066,0.11344450641156582
0.14452804285963536,25.72678690266217,0.032079143942856186,0.07019842295941857,0.11652368144158019,0.13637963967571173,0.172143516419403,0.21616062067916308,0.1459621977197445
0.12341966179427152,14.70544910678954,0.024253205237072924,0.0648096803099208,0.1114372144958732,0.11851765674702958,0.12749266557700092,0.21684453068113066,0.15203485037120987
0.168469477494861,13.561764158127685,0.02329099753821436,0.06484377551756326,0.15053697089892884,0.16913756656616355,0.18538581673938953,0.21492395419972188,0.15008017868215862
0.14989115148539642,7.674187403642128,0.017520487896907584,0.1117206135338017,0.1373744988500771,0.14607094466242365,0.1586027567484544,0.21334686374608666,0.10162625021228498
0.14425550686426775,15.542963006308565,0.024934284033281216,0.08773744213477853,0.12702832531316474,0.13927093678862476,0.15491227814774705,0.21674350836707065,0.1290060662322921
0.14977795719690215,9.16658760330044,0.01914845957595591,0.1013655398415569,0.13484556325627076,0.14839576067519866,0.1638092531500421,0.21644077264369746,0.11507523280214056
0.1470425835983099,24.04984002676251,0.03101602168348643,0.07959237814814107,0.12178741729999165,0.1392253515891594,0.17296263935778705,0.2165686586214205,0.13697628047327945
0.13649529916984773,9.534171839739113,0.019528616786387214,0.08445066930696994,0.1259583611825598,0.13129830978531906,0.13854892437781383,0.21626381575320164,0.13181314644623168
0.1416059079814573,21.74412224012724,0.029491776643754266,0.06823561308215854,0.1200261881784244,0.1392433431436104,0.1657352455748718,0.20874161273161862,0.1405059996494601
0.14664325575700973,20.771386082887663,0.028824563193837065,0.06616467036672512,0.12487108922784039,0.1427744140269961,0.16737484586109141,0.21684453068113066,0.15067986031440556
0.1493232288020636,16.64640261402671,0.02580418773302249,0.0721214288609895,0.13186502690900925,0.14924143103876802,0.16344106538756625,0.2171629710418177,0.14504154218082818
0.18054826872664154,7.494876158874359,0.01731459056272987,0.1282955804104509,0.16851428869627882,0.18241494293278446,0.19290936344788126,0.21687732972155238,0.08858174931110148
0.12897413477917904,19.266900735993573,0.027761052383505617,0.06495036649067712,0.10943667331774976,0.12333787148745,0.1429727579376843,0.20603480813450545,0.14108444164382833
0.13595764445451136,31.811166949558867,0.035671370564955236,0.06480957596397689,0.11002451536820136,0.13428566545349807,0.16546630075204152,0.21272742711897383,0.14791785115499692
0.16570802231014994,7.6903185258154725,0.017538892240749383,0.09850457829707442,0.1549001247848614,0.1677772457217412,0.17804894585152004,0.21322924625945816,0.11472466796238373
0.12897413477917904,19.266900735993573,0.027761052383505617,0.06495036649067712,0.10943667331774976,0.12333787148745,0.1429727579376843,0.20603480813450545,0.14108444164382833
0.18205380732313473,8.67895730222241,0.018632184308043337,0.10421875616540059,0.1693682094871801,0.1832242286301381,0.19638248957462243,0.21552419244712717,0.11130543628172658
0.13152199533615566,5.167557752956183,0.01437714540923362,0.06986302359510188,0.12278950939560603,0.13306801963161582,0.14150285571650234,0.17666569309143473,0.10680266949633285
0.14008616348558814,30.166783612036063,0.03473717525190329,0.06895004134414352,0.10997523828026526,0.13599698159062734,0.1704210789153625,0.21609562020537187,0.14714557886122837
0.13313596559428562,29.61040204583874,0.03441534660342025,0.07179134464283732,0.10590466146427446,0.11413880350719795,0.16499043761818669,0.21682904937479672,0.14503770473195937
0.16800020772081062,20.211820250912005,0.028433656290327493,0.07348221955423578,0.14633458019046178,0.1710088663791441,0.19187689268274347,0.2165686586214205,0.14308643906718474
0.1405205978374106,7.4772382946318725,0.017294205150433336,0.10844263029096936,0.13162203170256753,0.13696209397828776,0.14213497841694153,0.21509647162808054,0.10665384133711119
0.09258816469316794,10.458757248189595,0.020453613126476793,0.06480957596397689,0.07445685394809923,0.08984977662431458,0.10677699161145555,0.17959189833121553,0.11478232236723863
0.16902639446371548,16.1616836460671,0.02542572213021066,0.07713766799770945,0.15118063570704834,0.17279447390329694,0.19018936840029485,0.21635575297092172,0.13921808497321225
0.1457734115827392,22.399082027699688,0.029932645741864976,0.06480963346081138,0.12315475121178077,0.13935216371924683,0.16663924333643362,0.21730438787559977,0.1524947544147884
0.15215299623955114,28.22896831975079,0.03360295720305032,0.07541985271147718,0.12229411303818308,0.15279712636715106,0.1825736672983283,0.2171629710418177,0.1417431183303405
0.09215864429290205,17.489241459577777,0.02644937916819809,0.0648096163418582,0.07671245874231825,0.08405689925758082,0.09637349271994507,0.21684453068113066,0.15203491433927246
0.18019917066173943,12.972055437679511,0.0227789863143025,0.12734797132029507,0.1647651855544378,0.18489179492586147,0.19949049091304583,0.21684453068113066,0.0894965593608356
0.18486965176163045,19.178342911423897,0.027697178853756135,0.06483320760533712,0.18406891845986112,0.19199229897672354,0.19752180436452763,0.214356705803002,0.1495234981976649
0.1312063882775592,22.803535609246232,0.03020167916473932,0.06694344097342246,0.10655329558371907,0.12274628938020005,0.15286920811287727,0.21626381575320164,0.14932037477977916
0.18466670834283236,6.652879561073023,0.01631303719247035,0.1289714639919971,0.17213385280526697,0.18929281788726127,0.1963907731523117,0.21078979640457704,0.08181833241257991
0.18292477686242425,7.806420555878723,0.01767079008519848,0.12006050864270261,0.1718319917955384,0.18438217679047528,0.19537098567360023,0.21730438787559977,0.09724387923289718
0.12841196213549044,7.673683547155339,0.017519912724845793,0.08868427664749531,0.11644205474087398,0.1268844477044302,0.1390099607394112,0.19287001660272407,0.10418573995522874
0.18737358238053897,7.865193621142549,0.017737185369886114,0.09109704064062622,0.17424897854262686,0.1878694525399372,0.2015900285893632,0.21684453068113066,0.12574749004050445
0.18566421404199274,6.142903295200131,0.01567533514180814,0.09328960511907806,0.17823977942635988,0.18762175965442962,0.19660318004173918,0.21552419244712717,0.12223458732804911
0.14800981161029653,33.39880540807837,0.03655068010753199,0.07902687049667327,0.1137377751414337,0.1458209987200688,0.17975792725377793,0.21730438787559977,0.13827751737892652
0.14488928123430336,15.942463388786443,0.025252693629620144,0.0808658036823565,0.1310123405879368,0.1433706232982866,0.1607051998538356,0.20352304206119098,0.12265723837883447
0.14257078454219407,14.162061620721262,0.023800892101533726,0.06487053346268891,0.12743458527674076,0.14261797376721538,0.15683514733313947,0.2152623477618837,0.15039181429919476
0.10413116483620484,16.26941930878557,0.025510326778609146,0.06480957499757467,0.08445066930696994,0.10033635860313318,0.11993236846383842,0.20303812029932963,0.13822854530175496
0.15931080259131458,41.15722959522057,0.040574489322834646,0.0654802207634342,0.12020114051667109,0.15668001632900486,0.20015491959920229,0.21684453068113066,0.15136430991769648
0.14490771911856384,18.990521463705118,0.02756122019338412,0.06935714345201267,0.12872053541521636,0.13373663084100312,0.15616394627610203,0.21584616274372484,0.14648901929171218
0.16251236830394394,25.926287066686772,0.03220328372491648,0.0662528197803294,0.13774932792972933,0.16322418163501534,0.19338833222838278,0.21616062067916308,0.14990780089883365
0.14761792998255605,21.293477156316605,0.029184569317580553,0.07176544450323692,0.12523709263317115,0.14277588133968297,0.16892970586442324,0.21472682223027442,0.1429613777270375
0.11198795612314869,25.884431497776234,0.03217727862811039,0.06480957554993867,0.08136738849480729,0.11184240832220545,0.14114016549023706,0.20389944242240887,0.13908986687247019
0.13690909703466506,14.608762486765302,0.024173342745069663,0.06932911897763748,0.11786133865940565,0.13674450466818172,0.1540373307067022,0.2166155542181278,0.14728643524049032
0.1394042756523495,28.92469601100532,0.034014523963157454,0.0649760898814166,0.11367067709541155,0.13385924369342292,0.1636271499339271,0.21618628116693436,0.15121019128551777
0.14866626602412666,12.450533562623367,0.022316391789555377,0.08998655267321938,0.13304962292182757,0.1444416665474036,0.16129883413008955,0.21646782562681754,0.12648127295359815
0.13313380419185022,34.211583177358065,0.036992746952535474,0.06480963346081138,0.1027982316562516,0.12697274016110188,0.16158348759848445,0.21636621434660708,0.1515565808857957
0.18370221914937784,13.700191657600142,0.023409563565004916,0.09797755861406375,0.17624676854891339,0.18925665899447955,0.20088247821685726,0.21730438787559977,0.11932682926153604
0.14387436170834567,14.41323131845563,0.02401102356706655,0.07653682749937528,0.13026245175021833,0.13809119928290545,0.15376109601932053,0.21562461373495173,0.13908778623557647
0.1567128290800715,18.041994961281983,0.02686409869046939,0.0753212892797029,0.14110772419289358,0.16097583996935766,0.17347710570740374,0.21601340258669105,0.14069211330698814
0.18702955612864572,6.745379017266281,0.01642605128114031,0.1308481191192536,0.17669626831866692,0.18852253234117544,0.19904009555314828,0.2171629710418177,0.0863148519225641
0.19163933524760826,1.9463290209294615,0.00882344381957399,0.1564144668394193,0.18756089450591978,0.19371803325925882,0.19695765508703691,0.21684453068113066,0.06043006384171136
0.17018490199849362,8.774582623716222,0.01873454843193849,0.10742974278682944,0.15860674389640156,0.16963810257188347,0.18307401281699429,0.2147696183475355,0.10733987556070607
0.15572291043922087,20.034313884366743,0.0283085244294836,0.08901966791357528,0.13399594268113815,0.1539652489390664,0.17717307136851923,0.21525357414999344,0.12623390623641814
0.15218233410861567,18.324184854338398,0.02707337057282554,0.07614499964411948,0.13321082815380814,0.15173100134942383,0.17148768921564114,0.21515562793804074,0.13901062829392125
0.12406715529481746,34.41542676404363,0.03710279060342692,0.0652094709346558,0.09765887316446173,0.11215455582475897,0.14698671678952677,0.2170461949371302,0.15183672400247442
0.18208903338432592,13.120753023874554,0.022909171110168568,0.10810887221968846,0.1653384284739935,0.18532210148765837,0.20210769404425277,0.21684453068113066,0.10873565846144222
0.09258816469316794,10.458757248189595,0.020453613126476793,0.06480957596397689,0.07445685394809923,0.08984977662431458,0.10677699161145555,0.17959189833121553,0.11478232236723863
0.19136389450963529,2.125913124777848,0.00922152509030442,0.16424334340255617,0.1857997400738486,0.19205180782672432,0.19836598007155676,0.212376775026677,0.048133431624120857
0.1533746061970742,15.264736443016456,0.024710108411754455,0.08013470741975663,0.1345514995665442,0.15685314401911626,0.17354526096568978,0.20757728086365881,0.1274425734439022
0.13161850535430056,32.89462399996755,0.03627375028858613,0.06481005092097407,0.1053813034368278,0.12985660542290528,0.15908761817662317,0.21684453068113066,0.1520344797601566
0.20330736757505652,1.3129984588152075,0.007247064119532011,0.18642034590765613,0.1980455497163021,0.20375603050361052,0.20901649574337924,0.21586520013409588,0.02944485422643975
0.1442017898549341,13.136907858742175,0.02292327014955953,0.06820241930721996,0.129181464489853,0.14695002115702535,0.16045409384349815,0.20520620429909409,0.13700378499187416
0.17452297277469203,8.776051232903722,0.01873611617481459,0.11657365175961557,0.16240324462567607,0.17616983234557657,0.18926993142342938,0.21413836019663116,0.09756470843701558
0.17900981715257577,14.084313246344433,0.023735469867979805,0.06596091132774094,0.1708223103830932,0.18278580829666236,0.19506359066835596,0.21730438787559977,0.15134347654785885
0.17815922491119537,11.29310402144628,0.02125380344450967,0.08020218747046881,0.1787038663485517,0.18368728486666402,0.18865914585393886,0.21469064318517853,0.13448845571470971
0.1604392663313294,8.736420018785468,0.01869376368609111,0.06492248961440175,0.1536775914670349,0.16195202608453635,0.1672287022160366,0.2166155542181278,0.15169306460372606
0.15861101461777843,17.415292850512806,0.026393402850343344,0.08726516071457598,0.1400050062072685,0.16111475220681357,0.17660035916898686,0.2170206213940003,0.1297554606794243
0.18091928247806652,11.46246974475268,0.02141258484606908,0.10712094604484242,0.1722655683631069,0.18553597486866497,0.1943264293877595,0.21584616274372484,0.10872521669888244
0.17459670104150762,6.292622041744098,0.01586520978965497,0.12066835665609404,0.16321094964993105,0.17444349225061576,0.1863375843923444,0.21562461373495173,0.0949562570788577
0.1869212544887944,3.2018676302782634,0.011317009552489144,0.1588634421062521,0.17795026705708603,0.18641929297341173,0.19424323722989684,0.2155120287330716,0.056648586626819486
0.14101421526932623,20.605336542493266,0.0287091180933816,0.07111115395939743,0.1212360957344974,0.1361359165824747,0.15531746284308895,0.21515562793804074,0.1440444739786433
0.18375882708312802,11.507090995421365,0.021454221957853764,0.08868427664749531,0.17185419356669895,0.18627444969251217,0.20048887855260014,0.21687732972155238,0.12819305307405707
0.16911261694846394,13.676648342137414,0.02338944064498971,0.11252917539952363,0.14891063606408658,0.17049565353578364,0.18768127431916184,0.21568113160416974,0.10315195620464612
0.15712668266702395,13.205008594035062,0.022982609594243263,0.08678134317751206,0.14206671210958866,0.16470515913356482,0.17087496005454036,0.21342758544476062,0.12664624226724858
0.09215864429290205,17.489241459577777,0.02644937916819809,0.0648096163418582,0.07671245874231825,0.08405689925758082,0.09637349271994507,0.21684453068113066,0.15203491433927246
0.13219814829251522,14.075593207788446,0.02372812104469163,0.06879921344861725,0.11363965315846852,0.1318103856289912,0.15101631337350732,0.20474376502669364,0.13594455157807642
0.10477266912227673,27.30715727770519,0.03304975478136271,0.06484361538556248,0.0834452909971757,0.09183943412629776,0.10638950832122264,0.2165686586214205,0.15172504323585803
0.17382836642464464,14.461025853586076,0.02405080111230067,0.10171233501884275,0.1544368031509042,0.1746355128770289,0.19452237437959646,0.21666212985232075,0.114949794833478
0.14119072930117096,50.59781884175134,0.04498791786324472,0.06481225939055955,0.10084301090427326,0.12757419331085534,0.1894409654204885,0.21687732972155238,0.1520650703309928
0.14148936092077108,32.8859580182101,0.0362689718730543,0.06482305492963845,0.11478988516204097,0.1389861913368184,0.1718688241876646,0.21288745752910995,0.1480644025994715
0.13435706558010746,14.57844967054704,0.024148250181366796,0.06534635374433292,0.11841380381120738,0.13751724537930202,0.15064381635146545,0.20117158351584397,0.13582522977151104
0.14481877198672208,27.895321153099296,0.033403784907162413,0.06488539529876253,0.11961668341818078,0.13968173031449885,0.17279029497314077,0.21250081339010532,0.1476154180913428
0.16765044893276135,3.6964507765694563,0.012159688773269579,0.11690419544355601,0.16171848939440647,0.17026168636094816,0.17621179847065643,0.21581514784794226,0.09891095240438623
0.17016065872736508,12.123044722766329,0.02202093978263991,0.08222238010061199,0.16276711441214947,0.17200617636534993,0.18281424100828092,0.2165686586214205,0.13434627852080852
0.12739446466792126,7.667906477737692,0.017513316622202308,0.0732804366567277,0.11683815804975449,0.12439464754616195,0.13356101215820376,0.21461954899095415,0.14133911233422644
0.1493421179344413,16.7417810009797,0.025878006879185806,0.07704179764597693,0.1314474554706879,0.14762960498193808,0.16732941581859825,0.21655531086237464,0.1395135132163977
0.11771837621514196,24.6734089791962,0.031415543273479264,0.06483303506886531,0.09581038003561178,0.10861085328342539,0.12952497792663784,0.21684453068113066,0.15201149561226535
0.10041762877085883,28.046284402310896,0.033494049861019136,0.06480957499713208,0.07163940125991725,0.09079502055403398,0.12232194869840803,0.21461954899095415,0.14980997399382207
0.1605271834286475,27.234377554783638,0.03300568287721594,0.07521357208969238,0.13347843869488904,0.16660954967692138,0.18864846550886002,0.21684453068113066,0.1416309585914383
0.14948043116114756,11.22828439697223,0.02119271987921534,0.09964098270315348,0.13371371614230457,0.14381495145579803,0.16177828238434117,0.21557549125666756,0.11593450855351407
0.15595438201828782,11.284655022722827,0.02124585138112646,0.08437759222220562,0.140396616571553,0.15146869928135243,0.16846192610231067,0.2170206213940003,0.13264302917179469
0.14087262054540867,26.09745275994194,0.0323094121023221,0.06480959078780572,0.11771374412672268,0.14712267906965681,0.1690355754638808,0.19874896128354452,0.1339393704957388
0.1442017898549341,13.136907858742175,0.02292327014955953,0.06820241930721996,0.129181464489853,0.14695002115702535,0.16045409384349815,0.20520620429909409,0.13700378499187416
0.12599796641414324,21.457120849738907,0.029296498664337967,0.064809599822405,0.10431824224557812,0.1303301146761298,0.1525980200276547,0.20952472553361953,0.14471512571121453
0.17139567284804205,13.409888263115427,0.02316021438857199,0.10340002426956485,0.15395324381627795,0.17003313727645225,0.19008090572124306,0.21684453068113066,0.11344450641156582
0.1755783893577875,14.83861093423218,0.024362767440692924,0.10389501595932452,0.1569879759115948,0.17910591440707932,0.1956137543313427,0.2162945543002082,0.11239953834088366
0.172504119301837,6.099049051347046,0.015619281739372071,0.10927761958322771,0.1610130429607547,0.16931129912540063,0.18366088760988955,0.21376590127625172,0.104488281693024
0.1483876675195139,7.579991960524746,0.017412629853672014,0.09043863754112652,0.1376149222097195,0.142691490242976,0.15422447163372638,0.21601340258669105,0.12557476504556453
0.18257813440700044,2.929258088997748,0.010824524172447949,0.11979815384897645,0.1776965283419806,0.18282005279962502,0.18845408714828518,0.21211484411701617,0.09231669026803972
0.14866626602412666,12.450533562623367,0.022316391789555377,0.08998655267321938,0.13304962292182757,0.1444416665474036,0.16129883413008955,0.21646782562681754,0.12648127295359815
0.17844531834338806,6.630315289327972,0.01628534959935214,0.08933186262382661,0.17072888924150437,0.18023912869610495,0.18785542685075698,0.21684453068113066,0.12751266805730405
0.15817670670460068,25.442684502876663,0.03190152629757809,0.07407069160125093,0.13504827286925403,0.15611039266566817,0.1846283460031448,0.2161141957802606,0.14204350417900968
0.127926159308692,26.911266128177502,0.03280930729422826,0.06480963346081138,0.10254537442034561,0.12447671085602595,0.1497419690955688,0.21465894703006244,0.14984931356925107
0.12121485938502889,19.26004350937746,0.027756111766151583,0.06485418130064427,0.10468362934233828,0.11370343209734272,0.12963131367489056,0.21684453068113066,0.15199034938048642
0.14991866909304888,17.8270840355338,0.026703620754896743,0.08827600221128809,0.1276147509368263,0.1472220529167724,0.16684365775855542,0.21730438787559977,0.1290283856643117
0.13161850535430056,32.89462399996755,0.03627375028858613,0.06481005092097407,0.1053813034368278,0.12985660542290528,0.15908761817662317,0.21684453068113066,0.1520344797601566
0.17874934289505523,1.5352798965435128,0.007836529580224943,0.15076790306561352,0.17257238202078756,0.1786425803998439,0.18453399875874685,0.20512918206333153,0.054361278997718
0.14709087531477474,12.657357824566429,0.022500984711400013,0.09044453233303192,0.12975460666968622,0.1440263647971295,0.16073024131743321,0.2156294792550843,0.1251849469220524
0.10967670723684912,4.166350114708008,0.012909454077857836,0.07018997488906331,0.10139127220411387,0.11061608811757355,0.1176508918660678,0.2057561224078553,0.13556614751879198
0.14906021184359247,9.561691002167267,0.019556779900757965,0.08609122636421952,0.13832297988505962,0.14386940469969417,0.15120200125130498,0.21568113160416974,0.12958990523995023
0.16242417117639685,18.964898697366657,0.02754262057057509,0.07715046075773226,0.1404144484279537,0.16659317584368802,0.1846831307542305,0.21172743253057025,0.134576971772838
0.15799934823334819,25.453572340130197,0.031908351471130685,0.0785632105287228,0.13530711470115978,0.15605222664787932,0.1841083492357016,0.21684453068113066,0.13828132015240788
0.16017005332709164,11.224458981750368,0.021189109449668116,0.09017384496265973,0.15076525456506518,0.16485588893209316,0.16952267695194398,0.2133994950849024,0.12322565012224268
0.1811134581297643,5.521717057903315,0.014861651399361128,0.13207435334054216,0.16781951380096768,0.18196899469683375,0.1932279047852324,0.20980365464636605,0.0777293013058239
0.1694991388895364,16.012450588412552,0.025308062421617778,0.09049018672943712,0.14762919896895088,0.16822750249630564,0.19155093064550355,0.21684453068113066,0.12635434395169357
0.16489463549849198,1.9985574776036106,0.008941045750030834,0.13054489830491958,0.16104917275662764,0.1631565700474646,0.16500673016950898,0.21211669754559634,0.08157179924067676
0.15344061661193398,29.736778627367322,0.03448871040057446,0.06586874165893847,0.1292573430325548,0.1575069222409879,0.17990074465192687,0.21588997185178982,0.15002123019285135
0.11454999825607533,46.65951204100749,0.04320162591431368,0.06529995790822908,0.08618721208408882,0.09183571063845973,0.14148705836215741,0.2171770016129705,0.15187704370474142
0.12285715521403137,38.23818258448061,0.03910917160180236,0.06480963346081138,0.08795012581926083,0.1168985013515793,0.1514170297702746,0.21636621434660708,0.1515565808857957
0.1690985308266568,32.413649764986985,0.036007582404258685,0.06480963346081138,0.1607912626360122,0.17437600818334903,0.19580551716828878,0.21730438787559977,0.1524947544147884
0.13313596559428562,29.61040204583874,0.03441534660342025,0.07179134464283732,0.10590466146427446,0.11413880350719795,0.16499043761818669,0.21682904937479672,0.14503770473195937
0.11287401105829208,9.310508930319397,0.01929819569837491,0.06494747549785716,0.10035750179069958,0.11242252137539863,0.12370566469975507,0.18472219514679963,0.11977471964894248
0.16032636919048981,28.264159051761418,0.033623895700386305,0.0658155050486774,0.13727335092420132,0.16600747978250033,0.1871447786647558,0.21397612828947196,0.14816062324079457
0.1171898141534912,5.822693344515772,0.015261314942711551,0.06482637986900183,0.10790313490251201,0.11750528657489136,0.12822596440336084,0.1572220292455466,0.09239564937654476
0.1394568757813012,10.068426340376636,0.020068309685049846,0.07579137527915056,0.12672137788742668,0.13480115725556255,0.1471058593510456,0.2165686586214205,0.14077728334226994
0.15271368089457008,9.314173296061583,0.019301992950015896,0.1035760749864503,0.1389724685243641,0.14810137072524812,0.16125881288330732,0.2161141957802606,0.1125381207938103
0.13952022517345403,39.99173678786926,0.03999586818053548,0.06480957811359196,0.1040110161009074,0.1477452934132545,0.17532967311402245,0.21684453068113066,0.1520349525675387
0.12495911961240554,13.94342703408903,0.02361645784963446,0.07057049803970723,0.1078512481022037,0.11963096760459183,0.13897444657108562,0.2030200441979527,0.13244954615824547
0.18902012479016117,2.1352432687729825,0.009241738513446444,0.15723658561095818,0.1834535607249593,0.18981057362489123,0.19605368942472895,0.21062693467113097,0.053390349060172815
0.13366118797942578,43.01825988937549,0.04148168747260675,0.06480963346081138,0.0957510740058846,0.1311862177490957,0.17043716472296638,0.21730438787559977,0.1524947544147884
0.1710745422198338,5.217269375291207,0.014446133566170857,0.12209855356423056,0.16019411310492257,0.16858682451994483,0.18203957513576396,0.2165686586214205,0.09447010505718995
0.15735593185647173,29.46348557154404,0.03432986196974526,0.06502816873400545,0.1348875264253249,0.16634946313506524,0.18286655423351358,0.21515562793804074,0.1501274592040353
0.17015146535524492,14.80825714550575,0.02433783650656381,0.10517716163957548,0.15341773883213747,0.1724113354268923,0.19011601945448914,0.21730438787559977,0.11212722623602431
0.14795408699581655,18.42356682973342,0.02714668807035836,0.07283245386183967,0.13136626260681175,0.1402763433901798,0.16338063415202952,0.21609562020537187,0.1432631663435322
0.16628200899442766,17.135830881669108,0.026180779882707166,0.08450753625814734,0.1468725752967463,0.16715627430071855,0.1861817139279449,0.21452525112188364,0.13001771486373628
0.17459347170631637,5.132857426854986,0.01432879258954499,0.13078229321629004,0.16440700331679037,0.17612374034066866,0.1847653695212021,0.2103998041114572,0.07961751089516717
0.15220929946834455,4.844153798034375,0.013919991089126997,0.09185261855126613,0.14130225524112972,0.15011061444213097,0.1602831279580061,0.21033953686195012,0.11848691831068398
0.1755783893577875,14.83861093423218,0.024362767440692924,0.10389501595932452,0.1569879759115948,0.17910591440707932,0.1956137543313427,0.2162945543002082,0.11239953834088366
0.17189495331666615,22.649219612981025,0.030099315349675995,0.08398266251380443,0.15045050114951986,0.17738822972986615,0.19795128359773118,0.21599319043372264,0.1320105279199182
0.16799960853228327,23.6983510355831,0.030788537500558943,0.08618810831374842,0.14040270299333749,0.18090517991003563,0.19367190912093957,0.21515562793804074,0.12896751962429231
0.10689867173006229,49.55955075082216,0.04452394894922155,0.06480957554993867,0.07193590575657774,0.08300948497705496,0.1413058437568941,0.21258956906393764,0.14777999351399895
0.15799934823334819,25.453572340130197,0.031908351471130685,0.0785632105287228,0.13530711470115978,0.15605222664787932,0.1841083492357016,0.21684453068113066,0.13828132015240788
0.14915685457739103,36.571135423106334,0.0382471622074665,0.07019842295941857,0.11453928927944614,0.14809644893694576,0.1846217737577888,0.21646782562681754,0.14626940266739896
0.12982876994488143,18.387334742119933,0.027119981373238393,0.0648267209020587,0.11047093928161578,0.13188651089059994,0.1490430690230103,0.20640716652804939,0.14158044562599068
0.1545549471837159,35.46955502438481,0.03766672538163349,0.06480959078780572,0.12866758259119787,0.1597707974987783,0.18499849783659308,0.2170206213940003,0.1522110306061946
0.11890060892218231,20.5874781084917,0.028696674447393166,0.06521454122600026,0.09902948375689595,0.11138641652909642,0.13029747385633236,0.2165686586214205,0.15135411739542026
0.14690913908902026,31.76592050933869,0.03564599304793664,0.06490831969358929,0.1204082298203343,0.15332692296449288,0.1716818997237879,0.21609562020537187,0.15118730051178259
0.14331664269937555,19.145287451019406,0.02767329937034571,0.07673568818749743,0.12490643842223824,0.13989679307473143,0.16098728939086213,0.20340177187671435,0.1266660836892169
0.1748932279476543,7.2783822472094535,0.01706268706530065,0.11725133982155109,0.16494678196969248,0.17517325316831073,0.18851316275795954,0.20657036165130602,0.08931902182975493
0.1787801870340624,11.01963053446839,0.02099488560051556,0.1131538449046208,0.16420831877123787,0.18398782401906075,0.19493408019913003,0.21684453068113066,0.10369068577650987
0.13495469588111772,9.228326692972349,0.01921283601446944,0.08702120880842401,0.12287943972574686,0.13073960394044246,0.1417074199227204,0.21622081604378443,0.12919960723536042
0.14670427569491767,25.516215266090768,0.031947591625091726,0.08141265598386821,0.11894424921427639,0.14323108324617864,0.17377261486776585,0.2137718542432862,0.132359198259418
0.14948043116114756,11.22828439697223,0.02119271987921534,0.09964098270315348,0.13371371614230457,0.14381495145579803,0.16177828238434117,0.21557549125666756,0.11593450855351407
0.13690909703466506,14.608762486765302,0.024173342745069663,0.06932911897763748,0.11786133865940565,0.13674450466818172,0.1540373307067022,0.2166155542181278,0.14728643524049032
0.15221593689199772,18.392814909574856,0.027124022496359094,0.06715929107413979,0.12949080120386627,0.14967589419019048,0.17349684511031213,0.21392090626765267,0.1467616151935129
0.14331664269937555,19.145287451019406,0.02767329937034571,0.07673568818749743,0.12490643842223824,0.13989679307473143,0.16098728939086213,0.20340177187671435,0.1266660836892169
0.12524967188978692,1.535882885815025,0.007838068348298642,0.09054843341707626,0.12111492673716028,0.12357412176532205,0.12712482565393612,0.1947899055396194,0.10424147212254313
0.1458184023271487,19.8800487694553,0.02819932536033818,0.09485715602751169,0.11849055522456574,0.14632826063290957,0.16724756104507266,0.21276139972888217,0.11790424370137048
0.12285715521403137,38.23818258448061,0.03910917160180236,0.06480963346081138,0.08795012581926083,0.1168985013515793,0.1514170297702746,0.21636621434660708,0.1515565808857957
0.1284687338551454,17.33808955373123,0.026334835905113388,0.07511816299218761,0.11031080102647044,0.12067602805881725,0.13786957580416911,0.21691774545114684,0.14179958245895924
0.10477266912227673,27.30715727770519,0.03304975478136271,0.06484361538556248,0.0834452909971757,0.09183943412629776,0.10638950832122264,0.2165686586214205,0.15172504323585803
0.1490173448622538,8.873335141882029,0.018839676368645007,0.10483612756187674,0.1369358908842563,0.14142202003428975,0.15509939708018342,0.213136427746985,0.10830030018510825
0.146965230232072,21.226603261048854,0.029138705023421238,0.0722850844631806,0.12441567529729292,0.14646765154647448,0.16857460773296895,0.21684453068113066,0.14455944621795006
0.14915685457739103,36.571135423106334,0.0382471622074665,0.07019842295941857,0.11453928927944614,0.14809644893694576,0.1846217737577888,0.21646782562681754,0.14626940266739896
0.1545549471837159,35.46955502438481,0.03766672538163349,0.06480959078780572,0.12866758259119787,0.1597707974987783,0.18499849783659308,0.2170206213940003,0.1522110306061946
0.17089005924007714,11.587758179492495,0.021529289983176405,0.12584587978124753,0.15402442771440547,0.16912836594592623,0.1888173628513177,0.21609562020537187,0.09024974042412436
0.1405205978374106,7.4772382946318725,0.017294205150433336,0.10844263029096936,0.13162203170256753,0.13696209397828776,0.14213497841694153,0.21509647162808054,0.10665384133711119
0.16129494833736732,18.507151156876468,0.027208198144586103,0.07557961415684109,0.14080440186925364,0.15908598476914462,0.18315463753463973,0.2165686586214205,0.1409890444645794
0.12502854430657892,16.831734571483285,0.02594743499576271,0.06882050984196136,0.10666707945586083,0.11762122460954948,0.13739051081217551,0.20186588940881323,0.1330453795668519
0.17425846098949355,7.768943394252908,0.01762832197828586,0.1170734181302742,0.16354169398356677,0.17578630505230888,0.18675944819032747,0.21376068301469725,0.09668726488442304
0.09026756593432561,6.305340018050381,0.015881234231696705,0.064809575336807,0.07757337987347585,0.08955562397271752,0.1017011081066182,0.13797348384276173,0.07316390850595474
0.128845882253391,33.26338214842334,0.0364765032032531,0.06705678881869748,0.09573828667547916,0.12924084815866987,0.1587999063073615,0.2126512520915116,0.1455944632728141
0.16864500459513307,8.147378003949878,0.0180525654730289,0.08778363190536802,0.1562649746843828,0.16997824625100144,0.1807343611586657,0.2150220790523287,0.12723844714696067
0.18897215578230117,6.3144716160864585,0.01589272993048892,0.13683217952755825,0.18000931239951187,0.19199095284346535,0.20100498053607174,0.21588997185178982,0.07905779232423157
0.1721326817784502,8.010486941691521,0.01790026473736243,0.0956411987028578,0.16016287418808436,0.17439127913283184,0.1851614780916804,0.21498837060324424,0.11934717190038646
0.13495469588111772,9.228326692972349,0.01921283601446944,0.08702120880842401,0.12287943972574686,0.13073960394044246,0.1417074199227204,0.21622081604378443,0.12919960723536042
0.13219814829251522,14.075593207788446,0.02372812104469163,0.06879921344861725,0.11363965315846852,0.1318103856289912,0.15101631337350732,0.20474376502669364,0.13594455157807642
0.14664325575700973,20.771386082887663,0.028824563193837065,0.06616467036672512,0.12487108922784039,0.1427744140269961,0.16737484586109141,0.21684453068113066,0.15067986031440556
0.12023288101730564,27.833173193768864,0.033366554028708965,0.06683933810395927,0.09525276029532607,0.10722339674480398,0.14050834853747815,0.21730438787559977,0.15046504977164052
0.16489463549849198,1.9985574776036106,0.008941045750030834,0.13054489830491958,0.16104917275662764,0.1631565700474646,0.16500673016950898,0.21211669754559634,0.08157179924067676
0.16311257874861887,10.789974368388606,0.02077496028240594,0.10252455106506313,0.14724445039470874,0.1601258899126032,0.17787275505462308,0.21520373571734192,0.11267918465227879
0.1968080649036688,2.768395871493864,0.010523109562280274,0.16808528607911144,0.18961244134156016,0.19781513918885207,0.20516824714977297,0.21687732972155238,0.04879204364244095
0.18211885435458536,12.816279536677744,0.02264180163916091,0.06487053346268891,0.1853911761054237,0.18880208719413577,0.19154063738004723,0.20812579268160972,0.1432552592189208
0.15215299623955114,28.22896831975079,0.03360295720305032,0.07541985271147718,0.12229411303818308,0.15279712636715106,0.1825736672983283,0.2171629710418177,0.1417431183303405
0.1743614825008028,12.24346116841883,0.022130034946577767,0.1162476821357164,0.15833491863708882,0.17739556489012687,0.1914775265813031,0.21684453068113066,0.10059684854541427
0.1579979681330707,7.853088373263336,0.017723530543617246,0.1016829438160533,0.14489901069118363,0.15611449963586968,0.16941426407168542,0.2162945543002082,0.11461161048415489
0.1343626248015678,42.04176935511816,0.04100817935735171,0.06502199223822834,0.09836566825678052,0.12312311596352146,0.17400957775201414,0.2165686586214205,0.15154666638319217
0.17208725293528285,10.029702630550853,0.02002968060708992,0.09116987109167154,0.15749400350802265,0.17090101052966877,0.18778865097860703,0.2165686586214205,0.12539878752974898
0.17603724736430623,10.415988591408189,0.020411750137024693,0.11763243384244401,0.16045051430123242,0.18266994405976628,0.19125538895376884,0.2068763775662806,0.0892439437238366
0.13190841560012193,9.003906910254129,0.018977783759179183,0.06491250312834967,0.12541463279457482,0.12541463279457482,0.1330793156751196,0.216733086692976,0.15182058356462633
0.17046127701676575,17.552072637987678,0.02649684708638949,0.09849221001506867,0.14763422403983634,0.1752651440668747,0.19299945832523102,0.2165686586214205,0.11807644860635184
0.1566626240159041,20.980487517226376,0.028969285470806058,0.10909274893525314,0.1319328044393759,0.14806586104146122,0.18218447443289004,0.2165686586214205,0.10747590968616737
0.1343626248015678,42.04176935511816,0.04100817935735171,0.06502199223822834,0.09836566825678052,0.12312311596352146,0.17400957775201414,0.2165686586214205,0.15154666638319217
0.14800981161029653,33.39880540807837,0.03655068010753199,0.07902687049667327,0.1137377751414337,0.1458209987200688,0.17975792725377793,0.21730438787559977,0.13827751737892652
0.18251447579205726,5.997066294159921,0.015488145523799705,0.13335441059641195,0.17116736525630752,0.18316898863086797,0.1938632844833576,0.2165686586214205,0.08321424802500857
0.15023821756816927,5.267645423928909,0.014515709316363302,0.11865858908700452,0.14120776293421822,0.14953223944180477,0.15642491043847137,0.21616062067916308,0.09750203159215855
0.12368515032163459,27.858966529281744,0.03338201104144671,0.06481020742037061,0.09691503852529601,0.11903671032904858,0.14771360034732728,0.21684453068113066,0.15203432326076008
0.15220929946834455,4.844153798034375,0.013919991089126997,0.09185261855126613,0.14130225524112972,0.15011061444213097,0.1602831279580061,0.21033953686195012,0.11848691831068398
0.1457734115827392,22.399082027699688,0.029932645741864976,0.06480963346081138,0.12315475121178077,0.13935216371924683,0.16663924333643362,0.21730438787559977,0.1524947544147884
0.11460118374690915,12.27179582609767,0.02215562757052724,0.06480973589648521,0.10280869938079304,0.11060694756864123,0.12222750646350004,0.21684453068113066,0.15203479478464546
0.17453042622406997,9.539845754877856,0.019534426794639105,0.11945593423785054,0.15900837523052133,0.17489343353711506,0.19010633892220907,0.21640925355086463,0.09695331931301408
0.14029070216436254,19.844192444022127,0.028173883256677364,0.0782730258024344,0.11673922842603199,0.1353340126308494,0.16032312547836916,0.21626381575320164,0.13799078995076722
0.1283330580144154,5.0126564744009094,0.014160023268908719,0.08136235852389216,0.1198932912905186,0.12807176451373822,0.1341677269844348,0.21609562020537187,0.13473326168147973
0.1764720651939162,5.9648229145809495,0.01544645320399599,0.12070907016063964,0.16755965481790053,0.17444434011379592,0.18342222655024654,0.21684453068113066,0.09613546052049103
0.16763667828864112,10.904186450126954,0.02088462252484057,0.08551429750523856,0.15788195182138723,0.16974617098999387,0.17947082702761133,0.2165686586214205,0.13105436111618196
0.14240454749004097,28.914585204723558,0.03400857844998732,0.07752751463620812,0.11657311752188736,0.1381174175771602,0.16667285905743298,0.21684453068113066,0.13931701604492255
0.17153908312014457,8.104783354446752,0.018005314053852826,0.12034553877860224,0.15954525024517333,0.1718084681312839,0.1835750211264785,0.21352265315265886,0.09317711437405662
0.17425846098949355,7.768943394252908,0.01762832197828586,0.1170734181302742,0.16354169398356677,0.17578630505230888,0.18675944819032747,0.21376068301469725,0.09668726488442304
0.11992049585522917,23.208783430441198,0.030468858482352895,0.06494747549785716,0.09878905722043928,0.11112794969990811,0.12904796194009613,0.2171629710418177,0.15221549554396052
0.1283330580144154,5.0126564744009094,0.014160023268908719,0.08136235852389216,0.1198932912905186,0.12807176451373822,0.1341677269844348,0.21609562020537187,0.13473326168147973
0.15242312204518427,14.223522883073304,0.02385248237234297,0.09834585211563197,0.13349291765819024,0.1529046779661188,0.1699965158916141,0.21354346057921586,0.11519760846358389
0.1662688964348577,16.48469346962874,0.025678546274763094,0.0648717631335255,0.14880168010292313,0.16694691785300828,0.18356953587782837,0.2171629710418177,0.1522912079082922
0.12683671471309035,24.946344754722297,0.03158882381775067,0.0648453084772696,0.1024541347015544,0.1231873717270447,0.1453819213214871,0.21684453068113066,0.15199922220386106
0.12841196213549044,7.673683547155339,0.017519912724845793,0.08868427664749531,0.11644205474087398,0.1268844477044302,0.1390099607394112,0.19287001660272407,0.10418573995522874
0.1628042297339787,8.712056702264608,0.018667679772552997,0.10953360616529353,0.15362977054797183,0.16506719904904604,0.1710328622077812,0.2110437921529992,0.10151018598770567
0.16896497469471286,17.66158274805404,0.026579377530750445,0.08861607683053284,0.14738662550320228,0.16991199518267996,0.19014684711835733,0.21730438787559977,0.12868831104506695
0.16561759599684112,17.077680617254764,0.026136320029609954,0.08180173411740205,0.14878778012687674,0.1660990401549989,0.18426816813864583,0.21646782562681754,0.1346660915094155
0.12668311470962929,26.65916531618389,0.03265526929375037,0.06520644655797299,0.10163614377478095,0.12412594835275503,0.14836856401685403,0.2165686586214205,0.15136221206344752
0.13002162779598697,9.167575555773015,0.01914949143530764,0.06664555532197813,0.11932514505464922,0.12353263683615154,0.13161969215895378,0.21644077264369746,0.14979521732171933
0.14761792998255605,21.293477156316605,0.029184569317580553,0.07176544450323692,0.12523709263317115,0.14277588133968297,0.16892970586442324,0.21472682223027442,0.1429613777270375
0.15827244897371961,22.97363486482222,0.030314112135981962,0.06714493284834851,0.1335065135846957,0.1579544542608569,0.18406864266383577,0.21730438787559977,0.15015945502725128
0.15218233410861567,18.324184854338398,0.02707337057282554,0.07614499964411948,0.13321082815380814,0.15173100134942383,0.17148768921564114,0.21515562793804074,0.13901062829392125
0.16986709224769433,25.3146092702021,0.0318211308851223,0.08835118745924818,0.1439766298556322,0.17650002956801625,0.19799416581745616,0.2171629710418177,0.1288117835825695
0.13556912122531822,31.571857493590844,0.0355369427461569,0.06715929107413979,0.10828264606233899,0.12492112395567986,0.1631261395042475,0.21684453068113066,0.1496852396069909
0.13952022517345403,39.99173678786926,0.03999586818053548,0.06480957811359196,0.1040110161009074,0.1477452934132545,0.17532967311402245,0.21684453068113066,0.1520349525675387
0.17235339407406108,26.66230475257535,0.032657192011913916,0.06492515618983546,0.17569797319119723,0.18304472911474762,0.1890616583337017,0.1994864501229222,0.13456129393308675
0.12340037375273359,24.16694646153688,0.031091443492727626,0.06954895467121927,0.09568751906925914,0.11991771623881388,0.14235044476264402,0.21626381575320164,0.14671486108198237
0.15169335535167125,31.801662486093075,0.03566604126397718,0.07170737336124605,0.12221508567130678,0.15466088168801667,0.18097711845814982,0.21684453068113066,0.14513715731988464
